"","BC16_fliv_N_1.sort.bam","BC16_fliv_N_2.sort.bam","BC16_fliv_O_1.sort.bam","BC16_fliv_O_2.sort.bam","BC16_fliv_P_1.sort.bam","BC16_fliv_P_2.sort.bam","BC16_fliv_Q_1.sort.bam","BC16_fliv_Q_2.sort.bam","BC16_fliv_R_1.sort.bam","BC16_fliv_R_2.sort.bam","CTRL_fliv_B_1.sort.bam","CTRL_fliv_B_2.sort.bam","CTRL_fliv_D_1.sort.bam","CTRL_fliv_D_2.sort.bam","CTRL_fliv_E_1.sort.bam","CTRL_fliv_E_2.sort.bam","CTRL_fliv_F_1.sort.bam","CTRL_fliv_F_2.sort.bam"
"Col3a1",9.94494563505976,9.91828213747361,9.15910418300495,9.14440953929038,8.71011753907379,8.70581348483297,8.68890518536431,8.7168954109941,9.2146491831352,9.23024991362631,10.0197213485073,10.0265713627815,9.54601295950938,9.53865877190848,9.53373613926748,9.51643950493146,10.9354470264281,10.9393709789623
"Ino80d",8.9224639037682,8.9080831324366,8.84450916684906,8.83671319360682,8.77694999654689,8.78360699087017,9.14260410987164,9.14685558866715,9.55055350500203,9.55316357131639,7.77220626039782,7.77220626039782,8.3893974346549,8.3851391323727,8.25658835958885,8.25640062395722,8.83088938059616,8.83186716649153
"Rufy4",7.77220626039782,7.77220626039782,8.03911880005785,8.03901745762796,8.08809215008059,8.0885655336151,7.77220626039782,7.77220626039782,7.77220626039782,7.77220626039782,9.07807883128621,8.5149871989971,8.08355739025599,8.08440970198153,8.36408159223859,8.42163937591688,9.00976566262355,9.00307547326918
"Cdh20",7.77220626039782,7.77220626039782,7.81873404740824,7.83797858777215,7.77220626039782,7.77220626039782,7.77220626039782,7.77220626039782,7.77220626039782,7.77220626039782,9.01681358873594,9.02351270528827,7.77220626039782,7.77220626039782,8.48472318036029,8.48444996482605,7.77220626039782,7.77220626039782
"Tnfrsf11a",7.77220626039782,7.77220626039782,7.77220626039782,7.77220626039782,7.91634317112166,7.91655985689083,7.77220626039782,7.77220626039782,7.77220626039782,7.77220626039782,8.58853349049086,8.59307717611095,7.95219721029869,7.95269120409652,7.77220626039782,7.77220626039782,8.54258033183118,8.48729169577538
"Phlda3",7.77220626039782,7.77220626039782,7.93330651403261,7.93324523618995,7.95653810057067,7.95681506615205,7.77220626039782,7.77220626039782,7.77220626039782,7.77220626039782,7.77220626039782,7.77220626039782,7.98973972836658,7.99033640210472,8.25658835958885,8.15566485432453,8.88553262074731,8.88655629754246
"Platr22",7.77220626039782,7.77220626039782,7.9398774706749,7.93981369893649,7.94049648984914,7.92912327650432,7.77220626039782,7.77220626039782,7.77220626039782,7.77220626039782,8.88162923776633,8.89803659846667,7.84284325860784,7.84303733874237,8.42188933064241,8.42163937591688,7.77220626039782,7.77220626039782
"Fam129a",7.77220626039782,7.77220626039782,7.99513350883749,7.99504879416141,8.07905629560574,8.07643907271321,8.14073845030686,8.14196020527856,7.77220626039782,7.77220626039782,8.72330425210539,8.72854956440777,8.13149249433875,8.13247476431902,8.22556769401114,8.22539177914152,8.42545920650993,8.40978997823975
"Fam163a",7.77220626039782,7.77220626039782,7.77220626039782,7.77220626039782,7.83368735781563,7.83377984738878,7.77220626039782,7.77220626039782,7.77220626039782,7.77220626039782,9.05227033822482,9.05034723743839,7.85871424262458,7.85895190558427,8.56018654844982,8.55988572045526,7.77220626039782,7.77220626039782
"Ankrd45",7.77220626039782,7.77220626039782,7.77220626039782,7.77220626039782,7.77220626039782,7.77220626039782,7.77220626039782,7.77220626039782,7.77220626039782,7.77220626039782,9.15188567218108,9.15921573181053,7.77220626039782,7.77220626039782,8.45408343895395,8.45382153679086,8.55589324061968,8.543306335396
"Dnm3",7.77220626039782,7.90412076395666,7.92645468085461,7.92639600418369,7.95135136834029,7.95162056098612,7.77220626039782,7.77220626039782,7.77220626039782,7.77220626039782,8.55847158312962,8.6077362616461,7.85871424262458,7.85895190558427,7.77220626039782,7.77220626039782,8.48661625400386,8.48729169577538
"Fmo3",9.5788310822651,9.57414624931384,9.84641917767721,9.8221175472093,10.5242343905284,10.5268549468912,9.53763985689511,9.54565715804935,8.77651416019227,8.76753120213131,8.60311572774527,8.6077362616461,8.9283840400425,8.93140096038379,8.76323251949041,8.76285937129927,8.42545920650993,8.42607884844519
"Gm36945",7.77220626039782,8.20820847692999,7.77220626039782,7.89522839821035,7.77220626039782,7.8476153342964,7.77220626039782,7.77220626039782,7.77220626039782,7.77220626039782,8.78317011256999,8.77701816913188,7.88387643796239,7.88418316743581,8.15581404786471,8.11538286907983,8.33913056986463,8.45741974743522
"Ddr2",7.77220626039782,7.77220626039782,8.18951810689628,8.21896534859999,8.12453876493034,8.13034583086207,8.35775282927067,8.35967813749886,7.77220626039782,7.77220626039782,9.04352136620786,9.05034723743839,8.15154246024699,8.16539859409409,8.53284336842212,8.53255250287864,9.27615440202945,9.25915190798665
"Pea15a",8.59603735394197,8.60553238415103,8.48282748846446,8.49988860889424,8.27848949912891,8.26056923346273,8.45271285564816,8.45493983984896,8.56178289882143,8.56305358872695,9.60318717120785,9.65476229339826,8.38149941239313,8.33533018737472,8.28567324662184,8.28547446613619,9.33516227954876,9.26529688363808
"Slamf9",7.77220626039782,7.77220626039782,7.95229846185241,7.95222997775688,7.83368735781563,7.83377984738878,7.77220626039782,7.77220626039782,7.77220626039782,7.77220626039782,8.54295664360629,8.54725876059059,8.03142027794747,8.03213071154876,8.28567324662184,8.28547446613619,7.77220626039782,7.77220626039782
"Ifi211",7.77220626039782,7.77220626039782,7.99513350883749,7.95222997775688,7.97128487553913,7.92297296320204,7.77220626039782,7.77220626039782,7.77220626039782,7.77220626039782,8.78317011256999,8.78872057747902,8.16117165590433,8.15257893324545,7.77220626039782,7.77220626039782,8.3004309722945,8.58256165522337
"Gm37033",8.29744534158067,8.29714748998501,7.91174127807534,7.91168818926669,8.02539346474635,8.02202610036263,8.10572010638626,7.77220626039782,7.77220626039782,7.77220626039782,8.95157242457518,8.95795787601766,7.93009236563085,7.94561927130092,8.3878961174968,8.37588016486733,8.66600263145623,8.66683830023478
"Ccdc3",7.77220626039782,7.77220626039782,7.99024281993143,7.99015995663696,7.84750207103667,7.8476153342964,7.77220626039782,7.77220626039782,7.77220626039782,7.77220626039782,8.90214408972936,8.91843004955008,8.05433271881272,8.05510556516134,8.13623509973897,8.13609343857845,8.68848024318037,8.68933559301983
"Mastl",7.77220626039782,7.77220626039782,7.88615091867034,7.88610755496725,7.934796205824,7.90278889684571,7.77220626039782,7.77220626039782,7.77220626039782,7.77220626039782,8.63145951657697,8.6362287925063,7.9953797884923,7.99599187138167,7.77220626039782,7.77220626039782,8.16081007892588,8.16118272029589
"Gm13611",7.77220626039782,7.77220626039782,7.90376682934094,7.86521432600736,7.85914708543627,7.8695515714311,7.77220626039782,7.88396869933272,7.92322252252187,7.77220626039782,8.7108041348059,8.5149871989971,7.93009236563085,7.92240891217754,8.60357571393271,8.611637437887,7.77220626039782,7.91960713556909
"Garnl3",7.77220626039782,7.77220626039782,7.96946181354583,7.96938682209962,7.84750207103667,7.8476153342964,7.77220626039782,7.77220626039782,7.77220626039782,7.77220626039782,7.77220626039782,7.77220626039782,7.88387643796239,7.88418316743581,8.3878961174968,8.38765884201374,8.72107193433784,8.5158724638831
"Neb",8.53324802668704,8.52180111650993,9.0052050911339,9.00787449088399,8.76382022314323,8.76171594385736,8.29199177647489,8.26967978820612,8.77651416019227,8.77810671209241,7.77220626039782,7.77220626039782,8.30714562090935,8.29704007380126,7.77220626039782,7.77220626039782,7.77220626039782,7.77220626039782
"Gm13657",7.77220626039782,7.77220626039782,8.01370017149232,8.01360843285439,7.92888776764991,7.93504057721253,7.77220626039782,7.77220626039782,7.77220626039782,7.77220626039782,9.03469670117159,9.04148079801528,8.05433271881272,8.07220645524748,7.77220626039782,7.77220626039782,8.33913056986463,8.33967055390243
"Gm13680",7.95880349941067,7.77220626039782,7.90376682934094,7.83797858777215,7.8694053824064,7.8592778557266,7.88359758507842,7.77220626039782,8.03353610903994,7.98602968587266,8.65879685279946,8.69026805960156,7.82215665511846,7.82229391111243,8.04385623115626,8.13609343857845,7.77220626039782,7.91960713556909
"Selenoh",7.77220626039782,7.77220626039782,8.19206828424151,8.18936030692702,8.22013443972328,8.21451905419155,8.22967951474085,8.23119169298683,7.77220626039782,7.77220626039782,8.95157242457518,8.95795787601766,8.3714718042586,8.37309528781144,8.28567324662184,8.28547446613619,8.47186529302912,8.47252732674771
"Arhgap1",8.40045366363381,8.40009905654157,8.48865540256854,8.48693642419705,8.50839886615416,8.51071340598899,8.72606564726474,8.72913364106914,8.77651416019227,8.77810671209241,7.77220626039782,7.77220626039782,8.28142362481319,8.28280860839714,8.17441990492784,8.17426356586552,7.77220626039782,7.77220626039782
"Wt1",7.77220626039782,7.77220626039782,7.96391248162731,7.96383959361134,7.90259285272143,7.887378051533,7.77220626039782,7.77220626039782,7.77220626039782,7.77220626039782,8.93210565252148,8.93839642236378,7.84284325860784,7.85895190558427,7.77220626039782,7.77220626039782,8.64287049010108,8.5951900709793
"Arhgap11a",7.77220626039782,7.77220626039782,8.05478408465013,8.05467683115535,7.94600910198311,7.93504057721253,8.33672555599403,8.33858349922494,7.77220626039782,7.77220626039782,8.68521901681421,8.69026805960156,8.11746553960507,8.11115421847525,8.64458959715289,8.64425833948567,8.58180051938338,8.58256165522337
"Meis2",8.34398893977925,8.34366534495559,8.11017500833835,8.10685890264819,8.29468086094557,8.28651593430825,7.77220626039782,7.77220626039782,7.77220626039782,7.77220626039782,8.86065282210139,8.89803659846667,8.24916249960454,8.24528097360223,8.62844660197815,8.61992385588323,8.89433428587818,8.86868495146802
"Ebf4",7.77220626039782,7.77220626039782,7.96391248162731,7.98003488488052,7.96158207894755,7.96186660181771,7.77220626039782,7.77220626039782,7.77220626039782,7.77220626039782,7.77220626039782,7.77220626039782,7.94514458635282,7.94561927130092,8.4746698220966,8.47440031236134,8.74210943013867,8.74301135356254
"Zfp937",7.77220626039782,7.77220626039782,8.03505488198553,8.02663361260124,7.9096406039358,7.91655985689083,7.77220626039782,7.77220626039782,7.77220626039782,8.07432276250882,8.57365770617685,8.98658475722389,7.88387643796239,7.88418316743581,8.25658835958885,7.77220626039782,8.18746329955923,8.25898004695602
"Cnbd2",8.00066083218466,7.90412076395666,7.98523901036956,8.05467683115535,7.97596203630952,7.98971223596483,7.77220626039782,7.88396869933272,7.98567822807405,7.92347138080237,7.93133204380157,7.77220626039782,8.00624935527492,8.03213071154876,8.56018654844982,8.56876882036566,8.44131147228407,8.44194563044675
"Soga1",7.77220626039782,7.77220626039782,8.00460392934504,8.00451563100351,7.91634317112166,7.91655985689083,7.77220626039782,7.77220626039782,7.77220626039782,7.77220626039782,9.16761352973661,9.19829082701825,8.04540113700936,8.04614966512303,8.3878961174968,8.38765884201374,7.77220626039782,7.77220626039782
"Mybl2",7.77220626039782,7.77220626039782,8.08373208599296,8.07664125630018,8.0178524164381,8.00643196246325,7.77220626039782,7.77220626039782,7.77220626039782,7.77220626039782,9.38652033123141,9.38841553228097,7.98973972836658,7.97855736418709,8.4746698220966,8.47440031236134,7.77220626039782,7.77220626039782
"Cd40",7.77220626039782,7.77220626039782,7.95229846185241,7.95222997775688,8.01007003703798,8.0104271132169,7.77220626039782,7.77220626039782,7.77220626039782,7.77220626039782,8.47716478686537,8.48111466148748,8.02658736210066,8.0272846193401,7.77220626039782,7.77220626039782,8.73165660357563,8.73254949249091
"Atp9a",8.83669265512405,8.83610859927266,8.97914269652013,8.97790786488089,8.86456043760995,8.86296898958599,8.50342436397529,8.5058106093276,8.88507726315021,8.88682672589962,9.85930852623875,9.77378265916883,8.88361964841143,8.89263801972206,9.67743443037362,9.61015926586423,9.34089842377949,9.27748661948197
"Pbxip1",8.56532560892936,8.62505634253295,8.78048969129449,8.77813716667244,8.61650366462756,8.61561699173608,8.84996153735685,8.81020867021037,8.71109660010755,8.70115808145412,10.1557510421053,10.1669224817291,8.49866165374374,8.50226592145298,9.02572027181903,9.07119032171585,9.93134238163172,9.93310721399655
"Aph1a",7.77220626039782,7.77220626039782,8.10051279753194,8.14327924253714,8.23643959769514,8.27186085347022,7.92969830208347,7.77220626039782,7.77220626039782,7.77220626039782,8.55847158312962,8.49826488404262,8.19163808166304,8.23473987420908,8.84248001206925,8.89724723280033,8.52901101798048,8.52972480774645
"Gm43465",7.77220626039782,7.77220626039782,7.77220626039782,7.77220626039782,7.77220626039782,7.77220626039782,7.77220626039782,7.77220626039782,7.77220626039782,7.77220626039782,8.38421102826187,8.38765666384292,7.77220626039782,7.77220626039782,8.49462562496262,8.54178161176459,8.32013880008729,8.02729072483595
"Gm43652",7.77220626039782,7.77220626039782,7.77220626039782,7.77220626039782,7.83368735781563,7.83377984738878,7.77220626039782,7.77220626039782,7.77220626039782,7.77220626039782,8.90214408972936,8.90828817341304,7.85871424262458,7.85895190558427,7.77220626039782,8.22539177914152,7.77220626039782,7.77220626039782
"Npnt",7.77220626039782,7.77220626039782,7.89527523028582,7.89522839821035,7.77220626039782,7.77220626039782,7.77220626039782,7.77220626039782,7.77220626039782,7.77220626039782,8.54295664360629,8.54725876059059,7.84284325860784,7.84303733874237,7.77220626039782,7.77220626039782,8.39245637850301,8.3930456857723
"A530083M17Rik",7.77220626039782,7.77220626039782,7.77220626039782,7.77220626039782,7.77220626039782,7.77220626039782,7.77220626039782,7.77220626039782,7.77220626039782,7.77220626039782,8.54295664360629,8.56285616427299,7.82215665511846,7.82229391111243,8.56018654844982,8.52319953698722,7.77220626039782,7.77220626039782
"Esrp1",7.77220626039782,7.77220626039782,7.86524974151575,7.86521432600736,7.83368735781563,7.83377984738878,7.77220626039782,7.77220626039782,7.77220626039782,7.77220626039782,8.86065282210139,8.86659188015105,7.77220626039782,7.77220626039782,8.35178629785174,8.35156255993518,7.77220626039782,7.77220626039782
"Fbxo10",7.77220626039782,7.77220626039782,7.93330651403261,7.93324523618995,7.90259285272143,7.90278889684571,7.77220626039782,7.77220626039782,7.77220626039782,7.77220626039782,7.77220626039782,7.77220626039782,7.94514458635282,7.94561927130092,8.36408159223859,8.3638532370753,8.64287049010108,8.64368580826973
"Tlr4",7.77220626039782,7.77220626039782,7.88615091867034,7.88610755496725,7.91634317112166,7.92297296320204,7.77220626039782,7.77220626039782,7.77220626039782,7.77220626039782,8.34251270336284,7.77220626039782,7.98394832436321,7.98452917072897,7.77220626039782,7.77220626039782,8.60682426988842,8.60760768574711
"Prpf38a",9.02605522287442,9.01301228943835,8.25130970776062,8.23990458155815,8.19665953511265,8.19287371919881,8.70769510802121,8.70447388069152,8.56178289882143,8.56305358872695,7.77220626039782,7.77220626039782,8.12102621006929,8.12198014795729,7.77220626039782,7.77220626039782,7.77220626039782,7.77220626039782
"Fndc5",7.77220626039782,7.77220626039782,8.08026448039352,8.07309341664046,8.02908015885427,8.02577342977954,7.77220626039782,7.77220626039782,8.19799279589165,8.17132551253155,8.97065690834283,8.97713469938832,7.97185846400489,7.95949495868379,8.48472318036029,8.48444996482605,8.76263643923728,8.77364676437744
"Col16a1",7.77220626039782,7.77220626039782,8.14052406223434,8.14327924253714,8.12718462992982,8.13295606132223,7.77220626039782,7.77220626039782,7.77220626039782,7.77220626039782,8.79466017541146,8.78872057747902,8.09906971569346,8.09996413778535,8.42188933064241,8.42163937591688,8.68848024318037,8.68933559301983
"Cd164l2",8.62553180351034,8.61535716881258,7.91928272036836,7.91922676710554,7.84750207103667,7.8476153342964,8.36797367142568,8.28184022660829,9.28001479169633,9.28229722459164,7.77220626039782,7.77220626039782,7.77220626039782,7.77220626039782,7.77220626039782,7.77220626039782,7.77220626039782,7.77220626039782
"Stmn1",7.77220626039782,7.77220626039782,8.04706441502973,8.01802760912362,8.00608084834115,7.99822801713017,7.77220626039782,7.77220626039782,7.77220626039782,7.77220626039782,9.24301025719602,9.40771533642478,8.20604891382431,8.19278264781544,8.4746698220966,8.47440031236134,8.25851529220918,8.25898004695602
"Errfi1",10.5164665926646,10.5170846283176,11.9589099163005,11.9542014021233,11.6859399768562,11.6886902661632,10.9524975595073,10.9755058967369,11.3997951019805,11.4038393922659,10.7944269287333,10.8116743960827,9.92804317394168,9.93060468089989,10.0942352047245,10.0934825893987,10.0692271510119,10.0710690700567
"Espn",8.63511467791897,8.7245293314422,8.05095130673172,8.06586729597963,8.01007003703798,8.02202610036263,8.46144432151105,8.4636988226742,8.33395988441181,8.50566597456377,7.77220626039782,7.77220626039782,7.95898239381081,7.96605877496033,7.77220626039782,7.77220626039782,7.77220626039782,7.77220626039782
"Ttll10",7.77220626039782,7.77220626039782,7.88615091867034,7.81871633275252,7.98053353558564,7.98532577862792,7.77220626039782,7.77220626039782,7.77220626039782,7.77220626039782,9.73048251499179,9.51732944642026,7.93779035199358,7.93824489629499,8.41077208181988,8.19201892909563,8.79253798631599,8.78362132833884
"Sema3d",7.77220626039782,7.77220626039782,7.99991836619207,7.9998318406651,7.9893860873019,7.98971223596483,7.77220626039782,7.77220626039782,7.77220626039782,7.77220626039782,8.57365770617685,8.40752554204366,8.02165984421514,8.01730210541818,8.01524897056333,8.01515411405016,8.48661625400386,8.48729169577538
"Gm1043",7.77220626039782,7.77220626039782,7.77220626039782,7.77220626039782,7.81568160599039,7.81574701342815,7.77220626039782,7.77220626039782,7.77220626039782,7.77220626039782,8.86065282210139,8.86659188015105,7.77220626039782,7.77220626039782,8.24134346268813,8.19201892909563,8.33913056986463,8.33967055390243
"Pole",7.77220626039782,7.77220626039782,8.08716093126678,8.08704148106074,8.06012196374347,8.05726895592032,8.29199177647489,8.29370577936774,7.77220626039782,7.77220626039782,9.43681339369039,9.43919248076998,8.08750819136707,8.08440970198153,8.82975224475002,8.66785576732165,8.50104526081155,8.50173378580746
"Kctd10",7.77220626039782,7.77220626039782,7.92645468085461,7.85275709409337,8.00202180906598,8.00236685536418,7.77220626039782,7.77220626039782,7.77220626039782,7.77220626039782,7.77220626039782,7.77220626039782,7.87209208817061,7.95269120409652,8.5140019713922,8.51371799913995,8.50104526081155,8.56971234356396
"Hnf1aos1",8.38685168417517,8.37258344006374,8.51287170538104,8.51816795591195,8.60799211963727,8.60599432940763,8.32589683861546,8.33858349922494,8.96533473830901,8.91437464057816,9.66080326558432,9.57416495551584,8.66137144065604,8.64772173915374,8.949795020497,8.95497797077242,8.8494679779836,8.81288183680254
"Mlec",8.41374973567594,8.41338786284602,9.05612673773467,9.05269908819807,9.17748742555707,9.17423797623858,8.56562347245647,8.56820315088105,8.42518359040731,8.42624255002882,9.79651811261457,9.80186854583146,9.02806708650621,9.03482997016925,9.13463302472224,9.13413638266738,9.38578829329075,9.38720052324575
"Tctn2",9.23691378142319,9.27572642427445,8.05478408465013,8.05084549891398,8.02539346474635,8.04023404837404,8.15703111722916,8.31662897926293,9.32360597177118,9.31980986039739,7.77220626039782,8.38765666384292,7.95219721029869,7.95949495868379,7.77220626039782,7.77220626039782,7.77220626039782,7.77220626039782
"Aacs",8.96260203858414,8.95538364177285,10.4410654084243,10.4359037074404,10.0065386300905,9.99792479315617,9.31260068737276,9.31392719312718,8.60193064610319,8.60326259148807,8.47716478686537,8.48111466148748,8.90178045918493,8.89971325612675,8.98304951682669,8.98803476032237,9.02520478252369,9.01089127936376
"Limk1",7.77220626039782,7.77220626039782,8.15756520588389,8.16018411435167,8.06657067429566,8.08557859028289,7.77220626039782,7.77220626039782,8.03353610903994,7.77220626039782,8.55847158312962,8.56285616427299,8.04082263091875,8.05066406893828,8.25658835958885,8.17426356586552,8.71035089626747,8.7112253053926
"Flt3",7.77220626039782,7.77220626039782,7.91928272036836,7.95222997775688,7.91634317112166,7.91655985689083,8.28016441727772,8.2035600518958,7.77220626039782,7.77220626039782,9.23569915066456,9.2059400994501,7.96552829928683,8.02234366315913,7.77220626039782,8.06958038305691,8.64287049010108,8.64368580826973
"Pan3",9.25689180034093,9.25610848308875,9.22810629768608,9.22759462201108,9.23260679385524,9.25584863833437,8.79020240615999,8.79346093860794,9.58042966702953,9.58307396054165,8.94188804403658,8.94822645488496,8.78473083599016,8.79872426573959,8.7279538829588,8.72759307801467,8.47186529302912,8.47252732674771
"Cttnbp2",7.77220626039782,7.77220626039782,7.77220626039782,7.77220626039782,7.90259285272143,7.89532541694284,7.77220626039782,7.77220626039782,7.77220626039782,7.77220626039782,8.75972449603996,8.77701816913188,7.93779035199358,7.93824489629499,7.77220626039782,7.77220626039782,8.67732013848141,8.56971234356396
"Exoc4",8.34398893977925,8.32861228692446,8.38143962653496,8.382932940565,8.34037787043149,8.34927961218936,8.18766095535118,8.18903624783136,7.77220626039782,7.77220626039782,8.99860695281301,9.11866568303156,8.50030659287945,8.48050196932668,8.15581404786471,8.13609343857845,9.07016212239629,9.06397297745687
"Ptn",7.77220626039782,7.77220626039782,7.9398774706749,7.93981369893649,7.84750207103667,7.8476153342964,7.77220626039782,7.77220626039782,7.77220626039782,7.77220626039782,9.07807883128621,8.94822645488496,7.87209208817061,7.87236647652574,7.77220626039782,7.77220626039782,8.72107193433784,8.72195565334247
"Gm15697",7.77220626039782,7.77220626039782,7.77220626039782,7.77220626039782,7.90259285272143,7.90278889684571,7.77220626039782,7.77220626039782,7.77220626039782,8.03396596853531,9.38652033123141,9.39488429361769,7.77220626039782,7.77220626039782,8.25658835958885,8.22539177914152,7.77220626039782,7.77220626039782
"Igf2bp3",7.77220626039782,7.77220626039782,7.77220626039782,7.77220626039782,7.81568160599039,7.81574701342815,7.77220626039782,7.77220626039782,7.77220626039782,7.77220626039782,9.51424199917496,9.52313433329605,7.77220626039782,7.77220626039782,7.77220626039782,7.77220626039782,8.68848024318037,8.68933559301983
"Pde1c",7.77220626039782,7.77220626039782,7.77220626039782,7.77220626039782,7.85914708543627,7.8695515714311,7.77220626039782,7.77220626039782,7.77220626039782,7.77220626039782,8.58853349049086,7.77220626039782,7.89452870776362,7.89486466266216,7.77220626039782,8.17426356586552,8.42545920650993,8.37580795503199
"Smyd1",7.95880349941067,7.77220626039782,8.02246304255493,8.02236799141579,8.05016472148701,8.05058164212216,7.77220626039782,7.77220626039782,7.77220626039782,7.77220626039782,9.14393440159582,9.09356848173015,7.98973972836658,7.99033640210472,8.46445894426317,8.29938675783939,7.77220626039782,7.77220626039782
"Actg2",7.77220626039782,7.77220626039782,7.96391248162731,7.96383959361134,7.84750207103667,7.8476153342964,7.77220626039782,8.29370577936774,7.77220626039782,7.77220626039782,8.42309691896587,7.77220626039782,7.92199763817081,7.92240891217754,8.6986210653768,8.69077352165927,9.93488354668039,9.94018403617408
"Antxr1",7.77220626039782,7.77220626039782,8.02246304255493,7.97478128710896,7.9227466679599,7.92297296320204,7.77220626039782,7.77220626039782,7.77220626039782,7.77220626039782,7.77220626039782,7.77220626039782,7.98973972836658,7.99033640210472,8.27135107541786,8.39920329490745,8.67732013848141,8.67816572835805
"Mcm2",7.77220626039782,7.77220626039782,7.9398774706749,7.93981369893649,8.01007003703798,8.0104271132169,7.77220626039782,7.93022274532152,7.77220626039782,7.77220626039782,8.92222267649476,8.8558689116001,8.05433271881272,8.05510556516134,8.65253714470552,8.44327764652826,7.77220626039782,7.77220626039782
"Fancd2",7.77220626039782,7.77220626039782,7.89527523028582,7.89522839821035,7.8694053824064,7.8695515714311,7.77220626039782,7.77220626039782,7.77220626039782,7.77220626039782,8.51085643655118,8.94822645488496,7.90432301385744,7.90468583220256,8.56907287534875,8.55089129432118,7.77220626039782,7.77220626039782
"Gm44148",7.77220626039782,7.77220626039782,7.77220626039782,7.77220626039782,7.77220626039782,7.77220626039782,7.77220626039782,7.77220626039782,7.77220626039782,7.77220626039782,8.55847158312962,8.56285616427299,7.89452870776362,7.87236647652574,7.77220626039782,7.77220626039782,8.47186529302912,8.47252732674771
"Clec4n",7.77220626039782,7.77220626039782,8.01812101912421,8.02236799141579,8.00202180906598,8.00236685536418,7.77220626039782,7.77220626039782,7.77220626039782,7.77220626039782,8.75972449603996,8.76515595077493,8.14827665360027,8.14930430442917,7.77220626039782,7.77220626039782,8.48661625400386,8.48729169577538
"P3h3",7.77220626039782,7.77220626039782,8.30971942127027,8.3173270964766,8.08809215008059,8.07951624137596,7.77220626039782,7.77220626039782,7.77220626039782,7.77220626039782,9.13592347807284,9.13507144659103,8.29794409660243,8.29469622800127,8.53284336842212,8.53255250287864,8.75243469231975,8.58256165522337
"Clec1a",7.77220626039782,7.77220626039782,8.00460392934504,7.98003488488052,7.934796205824,7.93504057721253,7.77220626039782,7.77220626039782,7.77220626039782,7.77220626039782,8.84998292780009,8.8558689116001,8.08750819136707,8.0883712328265,7.77220626039782,7.77220626039782,8.37523453627177,8.37580795503199
"Tmtc1",7.77220626039782,7.77220626039782,7.86524974151575,7.86521432600736,7.94049648984914,7.94074940960522,7.77220626039782,7.77220626039782,7.77220626039782,7.92347138080237,8.88162923776633,8.87719178703018,7.9134379673218,7.91382577829779,8.29959080974332,8.29938675783939,8.67732013848141,8.67816572835805
"C5ar1",7.77220626039782,7.77220626039782,7.81873404740824,7.81871633275252,7.934796205824,7.93504057721253,7.77220626039782,7.77220626039782,7.77220626039782,7.77220626039782,8.69811176412726,8.70322743099827,7.92199763817081,7.93052582154348,8.4328072646624,8.43255325146741,7.77220626039782,7.77220626039782
"Gm9392",7.77220626039782,7.77220626039782,7.88615091867034,7.91922676710554,7.97128487553913,7.97158393098997,7.92969830208347,7.88396869933272,7.92322252252187,7.77220626039782,7.77220626039782,7.77220626039782,8.0008797038816,7.99033640210472,8.27135107541786,8.27115772894966,8.40918527568399,8.44194563044675
"Cyfip1",8.3134260490277,8.64409472060613,8.62283069297763,8.63206679056345,8.66964751737554,8.6579869565003,9.031229575307,9.02640415144113,8.53372142458945,8.53494902667247,9.75446263550297,9.87825996239755,8.77213783691004,8.77246535916393,8.926976550138,8.91493553003257,9.18136189554213,9.18920794277692
"Gm44669",7.77220626039782,7.77220626039782,7.85278776880637,7.85275709409337,7.8694053824064,7.8695515714311,7.77220626039782,7.77220626039782,7.77220626039782,7.77220626039782,8.63145951657697,8.6362287925063,7.77220626039782,7.77220626039782,8.67591034325536,8.67556792321638,7.77220626039782,7.77220626039782
"Synm",7.77220626039782,7.77220626039782,7.9398774706749,7.96938682209962,7.99367875005776,7.9940113201421,7.77220626039782,7.77220626039782,7.77220626039782,7.77220626039782,7.77220626039782,7.77220626039782,7.93009236563085,7.93052582154348,8.6119569898359,8.65220304779117,9.07746733165992,9.07864704333165
"Plin1",7.77220626039782,7.77220626039782,7.86524974151575,7.86521432600736,7.92888776764991,7.92912327650432,7.77220626039782,7.77220626039782,7.77220626039782,7.77220626039782,8.63145951657697,8.42675438672529,7.77220626039782,7.77220626039782,8.22556769401114,8.22539177914152,8.63104232155651,8.63184719664944
"Trim6",7.77220626039782,7.77220626039782,7.77220626039782,7.77220626039782,7.83368735781563,7.83377984738878,7.77220626039782,7.77220626039782,7.77220626039782,7.77220626039782,8.49422329320042,8.49826488404262,7.87209208817061,7.85895190558427,7.77220626039782,7.77220626039782,8.40918527568399,8.3930456857723
"Galnt18",7.77220626039782,7.77220626039782,7.86524974151575,7.86521432600736,7.90259285272143,7.90278889684571,7.77220626039782,7.77220626039782,7.77220626039782,7.77220626039782,7.77220626039782,7.77220626039782,8.01663200246897,8.01730210541818,8.28567324662184,8.28547446613619,8.75243469231975,8.75334551917129
"Htra1",7.77220626039782,7.77220626039782,7.77220626039782,7.77220626039782,7.97596203630952,7.97626809469274,7.77220626039782,7.77220626039782,7.77220626039782,7.77220626039782,7.77220626039782,7.77220626039782,7.98394832436321,7.97240625498312,8.35178629785174,8.35156255993518,9.03283668494219,9.03398085393026
"Cpxm2",7.77220626039782,7.77220626039782,7.89527523028582,7.89522839821035,7.91634317112166,7.91655985689083,7.77220626039782,7.77220626039782,7.77220626039782,7.77220626039782,8.47716478686537,8.57812277390317,7.9134379673218,7.91382577829779,8.41077208181988,8.41052626664375,8.40918527568399,8.40978997823975
"Pwwp2b",7.77220626039782,7.77220626039782,8.11956380239169,8.11633272619959,8.10259472094716,8.09735916874131,7.77220626039782,7.77220626039782,7.77220626039782,7.77220626039782,8.58853349049086,8.59307717611095,8.04082263091875,8.0415586874597,8.39944488521352,8.39920329490745,8.51517116185224,8.5158724638831
"Tcim",8.81393676104551,8.82100984426866,9.31544325192496,9.29429960704836,9.04690698309613,9.04149048250322,9.42135963637834,9.42938241072823,9.38313114825006,9.39710268603675,8.90214408972936,8.5149871989971,8.75701491533644,8.76665050437944,8.46445894426317,8.45382153679086,8.72107193433784,8.73254949249091
"Nrg1",7.77220626039782,7.77220626039782,7.93330651403261,7.93324523618995,7.934796205824,7.93504057721253,7.77220626039782,7.77220626039782,7.77220626039782,7.77220626039782,7.77220626039782,7.77220626039782,7.87209208817061,7.87236647652574,8.19218207778303,8.27115772894966,8.77271850774895,8.77364676437744
"Mef2b",7.77220626039782,7.77220626039782,7.91174127807534,7.91168818926669,7.81568160599039,7.81574701342815,7.77220626039782,7.77220626039782,7.77220626039782,7.77220626039782,8.55847158312962,8.76515595077493,7.82215665511846,7.82229391111243,8.28567324662184,7.94409770183139,7.77220626039782,7.77220626039782
"Gdf15",7.77220626039782,7.77220626039782,8.15477892556929,8.15463410217098,8.2875501466787,8.29011226965615,8.17264648140011,8.17397271847933,7.77220626039782,7.77220626039782,9.910799418119,9.79257506381424,8.5735051876971,8.57861317502031,8.33920994307399,8.33899093602073,8.21246458717765,8.18786116047814
"Cyp4f18",7.77220626039782,7.77220626039782,7.92645468085461,7.93324523618995,8.00202180906598,8.02202610036263,7.77220626039782,7.77220626039782,7.77220626039782,7.77220626039782,7.77220626039782,8.48111466148748,7.97185846400489,8.01730210541818,7.77220626039782,7.77220626039782,8.97009013531342,8.99519806006776
"Mcm5",7.77220626039782,7.77220626039782,7.92645468085461,8.00451563100351,7.98500618337378,7.98532577862792,7.77220626039782,7.77220626039782,7.77220626039782,7.77220626039782,8.67211717302875,8.88767222115951,7.93779035199358,7.93052582154348,8.4746698220966,8.47440031236134,8.52901101798048,8.52972480774645
"Mast1",7.77220626039782,8.00053012678235,8.11333385733058,8.12250367895402,8.09397293438114,8.07643907271321,7.77220626039782,7.88396869933272,7.77220626039782,7.77220626039782,7.77220626039782,8.82292287831881,7.98394832436321,8.00150680853922,8.29959080974332,8.29938675783939,8.79253798631599,8.88655629754246
"Enkd1",8.37292295746213,8.37258344006374,7.98011391236076,7.98003488488052,7.92888776764991,7.92912327650432,8.24282757448145,8.04562628890393,7.77220626039782,7.77220626039782,8.90214408972936,8.90828817341304,7.94514458635282,7.95949495868379,8.55118884948502,8.60325918067162,9.00195616379242,9.00307547326918
"Hydin",7.77220626039782,7.77220626039782,7.77220626039782,7.77220626039782,7.88720511761987,7.887378051533,7.77220626039782,7.77220626039782,7.77220626039782,7.77220626039782,9.81929728812833,9.82935108414577,7.77220626039782,7.82229391111243,8.20920350983155,8.09331272911254,8.50104526081155,8.48729169577538
"St3gal2",7.77220626039782,7.77220626039782,8.03911880005785,8.03901745762796,8.01399283274497,8.0104271132169,7.77220626039782,7.77220626039782,7.77220626039782,7.77220626039782,8.67211717302875,8.66370878449626,8.02658736210066,8.00150680853922,7.77220626039782,7.77220626039782,8.97009013531342,8.94656731151782
"Mmp3",7.77220626039782,7.77220626039782,7.77220626039782,7.77220626039782,7.77220626039782,7.77220626039782,7.77220626039782,7.77220626039782,7.77220626039782,7.77220626039782,8.60311572774527,8.6077362616461,7.85871424262458,7.85895190558427,8.4328072646624,8.42163937591688,8.54258033183118,8.543306335396
"Tmem123",8.42675859751805,8.41338786284602,8.55888576213989,8.56899537476328,8.68433435009151,8.67981218036585,8.40712345695084,8.40920614750342,8.86627843850466,8.86800103019666,9.11971819552985,9.11866568303156,8.88260031858865,8.88550905828412,9.06666220641956,9.07119032171585,10.1101071221599,10.1057595510985
"Gm48478",7.77220626039782,7.77220626039782,7.99024281993143,7.99015995663696,7.95653810057067,7.96186660181771,7.77220626039782,7.77220626039782,7.77220626039782,7.77220626039782,9.14393440159582,9.15921573181053,7.88387643796239,7.88418316743581,8.24134346268813,8.22539177914152,7.77220626039782,7.77220626039782
"Tbx20",7.77220626039782,7.77220626039782,8.13466164782114,8.13155765095511,8.0178524164381,8.0104271132169,7.77220626039782,7.77220626039782,7.77220626039782,7.77220626039782,8.77152672502848,8.77701816913188,8.08750819136707,8.09228296390388,8.25658835958885,8.25640062395722,8.45677146725425,8.45741974743522
"Siae",8.66317414106356,8.49921424447208,8.50725152817574,8.56120803463583,8.50469958773391,8.47667530945816,8.95429848036318,8.94376811756876,8.73346998609536,8.73499919771659,9.78265327731106,9.75950412427913,8.61241419834334,8.61042478530652,9.30005598017267,9.34313897330112,8.75243469231975,8.73254949249091
"Spa17",7.77220626039782,7.77220626039782,7.77220626039782,7.77220626039782,7.9227466679599,7.92912327650432,7.77220626039782,7.77220626039782,7.77220626039782,7.77220626039782,8.67211717302875,8.66370878449626,8.01663200246897,7.99599187138167,8.11551654547325,8.29938675783939,7.77220626039782,7.77220626039782
"Cadm1",8.53324802668704,8.4263896300475,8.79327802858837,8.79582855862368,8.66270016067712,8.65294176646797,8.68890518536431,8.69819204602956,8.50448349770809,8.42624255002882,9.46117744238999,9.27965226504314,8.83445204253047,8.83075837077418,9.21609930224332,9.21120938965301,8.71035089626747,8.7112253053926
"Cilp",7.77220626039782,7.77220626039782,7.77220626039782,7.77220626039782,7.81568160599039,7.81574701342815,7.77220626039782,7.77220626039782,7.77220626039782,7.77220626039782,7.77220626039782,7.77220626039782,7.85871424262458,7.85895190558427,8.33920994307399,8.33899093602073,8.68848024318037,8.68933559301983
"Bmp5",7.77220626039782,7.77220626039782,7.91928272036836,7.91922676710554,7.84750207103667,7.8476153342964,7.77220626039782,7.77220626039782,7.77220626039782,7.77220626039782,8.52709247575965,8.53131003087647,7.89452870776362,7.89486466266216,8.41077208181988,8.41052626664375,7.77220626039782,7.77220626039782
"Gsta1",7.77220626039782,7.77220626039782,7.77220626039782,7.89522839821035,7.88720511761987,7.887378051533,7.77220626039782,7.77220626039782,7.77220626039782,7.77220626039782,8.57365770617685,8.70322743099827,8.27901772840994,8.30859901759123,8.32633335085559,7.77220626039782,8.33913056986463,8.35803310955308
"Zmynd10",7.77220626039782,7.77220626039782,7.86524974151575,7.86521432600736,7.96158207894755,7.96186660181771,7.77220626039782,7.77220626039782,7.77220626039782,7.77220626039782,7.77220626039782,7.77220626039782,7.87209208817061,7.85895190558427,8.3878961174968,8.38765884201374,8.45677146725425,8.45741974743522
"Prss50",7.77220626039782,7.77220626039782,7.87622753006797,7.87618793946596,7.89514056379516,7.89532541694284,7.77220626039782,7.77220626039782,7.77220626039782,7.77220626039782,8.96116125868852,8.95795787601766,7.77220626039782,7.77220626039782,7.77220626039782,7.77220626039782,8.55589324061968,8.55663119807264
"Pde7b",8.35864413975921,8.24586624918157,8.04706441502973,8.07309341664046,7.9893860873019,8.01435577042783,7.77220626039782,7.77220626039782,7.77220626039782,7.77220626039782,9.27178380257133,9.27965226504314,7.96552829928683,7.96605877496033,8.22556769401114,8.22539177914152,8.33913056986463,8.37580795503199
"Sobp",8.14462601695733,7.90412076395666,7.77220626039782,7.9037167702405,7.89514056379516,7.89532541694284,7.77220626039782,7.77220626039782,7.77220626039782,7.77220626039782,9.22833945396864,9.16714450421677,7.93009236563085,7.93052582154348,8.15581404786471,8.15566485432453,8.32013880008729,8.50173378580746
"Pln",7.77220626039782,7.77220626039782,7.87622753006797,7.83797858777215,7.84750207103667,7.8476153342964,7.77220626039782,7.77220626039782,7.77220626039782,7.77220626039782,8.36374974758643,8.5149871989971,7.84284325860784,7.84303733874237,7.77220626039782,7.77220626039782,8.32013880008729,8.32066113047046
"Hk1",7.77220626039782,7.77220626039782,8.06961546599599,8.04696007367765,8.11918530490925,8.11425779016433,7.77220626039782,7.77220626039782,7.77220626039782,7.77220626039782,8.93210565252148,8.99594552634461,8.06298671425651,8.06378310900368,8.82332043645698,8.82292649472918,8.33913056986463,7.77220626039782
"Rtkn2",7.77220626039782,7.77220626039782,7.77220626039782,7.77220626039782,7.9096406039358,7.90984722914485,7.77220626039782,7.77220626039782,7.77220626039782,7.77220626039782,8.79466017541146,8.80026872571389,7.85871424262458,7.88418316743581,8.49462562496262,8.49434876535958,7.77220626039782,7.77220626039782
"Gng7",7.77220626039782,7.77220626039782,7.90376682934094,7.9037167702405,7.9096406039358,7.90984722914485,7.77220626039782,7.77220626039782,7.77220626039782,7.77220626039782,8.86065282210139,8.86659188015105,7.95898239381081,7.95949495868379,7.77220626039782,7.77220626039782,7.77220626039782,7.77220626039782
"Cactin",9.17471017361968,9.17396390633256,8.58335978673329,8.57157263339186,8.76646219574509,8.76260232133229,8.54294101181084,8.54545040139481,8.72235840520089,8.7125926461059,7.77220626039782,7.77220626039782,8.39525134475725,8.39106804580199,8.11551654547325,8.11538286907983,8.32013880008729,8.32066113047046
"Timp3",7.77220626039782,7.77220626039782,7.95819664877471,7.95812592786061,7.9893860873019,8.00236685536418,7.77220626039782,7.77220626039782,7.77220626039782,7.77220626039782,8.08997642244083,8.09178510079619,7.96552829928683,7.96605877496033,8.50438330821571,8.50410286380773,8.44131147228407,8.44194563044675
"Dram1",7.77220626039782,7.77220626039782,7.96391248162731,7.96383959361134,7.9096406039358,7.90984722914485,7.77220626039782,7.77220626039782,7.77220626039782,7.77220626039782,7.77220626039782,7.77220626039782,7.94514458635282,7.94561927130092,8.50438330821571,8.50410286380773,8.33913056986463,8.33967055390243
"Gm34574",7.77220626039782,7.77220626039782,7.87622753006797,7.87618793946596,7.8694053824064,7.87883866228415,7.77220626039782,7.77220626039782,7.77220626039782,7.77220626039782,8.57365770617685,8.34572984737628,7.90432301385744,7.90468583220256,7.77220626039782,7.77220626039782,8.67732013848141,8.543306335396
"Cpm",7.77220626039782,7.77220626039782,7.89527523028582,7.89522839821035,8.01007003703798,8.00643196246325,7.77220626039782,7.77220626039782,7.77220626039782,7.77220626039782,7.77220626039782,7.77220626039782,7.85871424262458,7.85895190558427,8.49462562496262,8.49434876535958,8.92025689598948,8.92130940614052
"Rassf3",8.52222169536021,8.52180111650993,8.81164065174719,8.7820996512472,8.94888625050733,8.94767399534936,8.68890518536431,8.67905027339907,8.62754250978531,8.60326259148807,9.90235826846374,9.94211181849363,9.0306984458565,9.02158544523316,9.03092890060842,9.061159748968,8.92025689598948,8.91273996355259
"Ppm1h",7.77220626039782,7.77220626039782,8.05856492192305,8.08704148106074,8.03983253494935,8.04023404837404,8.22967951474085,8.23119169298683,7.77220626039782,7.77220626039782,8.84998292780009,8.84501910684949,8.04082263091875,8.0415586874597,8.33920994307399,8.33899093602073,8.64287049010108,8.64368580826973
"Gm47438",7.77220626039782,7.77220626039782,7.90376682934094,7.9037167702405,7.88720511761987,7.887378051533,7.77220626039782,7.77220626039782,7.77220626039782,7.77220626039782,8.52709247575965,8.53131003087647,7.84284325860784,7.77220626039782,8.20920350983155,8.19201892909563,8.61902959631955,8.6198238399895
"Morc2a",8.94274121353316,8.94876685226869,9.10605366269859,9.09778081890003,9.01168952484871,9.00733533575214,9.01365460415872,9.01309942956599,8.88507726315021,8.87746151140338,8.34251270336284,8.34572984737628,8.77673824589079,8.77708927835121,8.6119569898359,8.611637437887,8.54258033183118,8.543306335396
"Ap1b1",8.6902738717521,8.68976458004186,9.18827920250356,9.18712526240488,9.03706323289128,9.04017253621516,9.31929057334722,9.32734098721135,9.8007541909711,9.79950185325909,8.63145951657697,8.6362287925063,8.83122199791601,8.83939777757644,8.73512827092557,8.74892815752765,8.37523453627177,8.37580795503199
"Emid1",7.77220626039782,7.77220626039782,7.85278776880637,7.85275709409337,7.94049648984914,7.94074940960522,7.77220626039782,7.77220626039782,7.77220626039782,7.77220626039782,9.26465959461961,9.27249664903916,7.82215665511846,7.82229391111243,7.77220626039782,7.77220626039782,8.40918527568399,8.40978997823975
"Plek",8.32892756845122,8.32861228692446,8.20458732851894,8.20195103443961,8.1298105286022,8.13295606132223,7.77220626039782,7.77220626039782,7.77220626039782,7.77220626039782,9.1831152875816,9.18282942280819,8.05433271881272,8.05947753589409,8.949795020497,8.94370591621652,9.14784515508327,9.14907996915187
"Acyp2",7.77220626039782,7.77220626039782,7.91174127807534,7.96938682209962,7.97596203630952,7.97626809469274,7.77220626039782,7.77220626039782,7.77220626039782,7.77220626039782,7.77220626039782,7.77220626039782,8.11746553960507,8.11840983310697,8.41077208181988,8.41052626664375,8.63104232155651,8.63184719664944
"Sh3pxd2b",7.77220626039782,7.77220626039782,8.09055226889605,8.10363968215318,7.77220626039782,7.77220626039782,7.77220626039782,7.77220626039782,7.77220626039782,7.77220626039782,8.84998292780009,9.05913752045151,7.95219721029869,7.95269120409652,8.20920350983155,8.20903384684971,8.47186529302912,8.47252732674771
"Gm12185",7.77220626039782,7.77220626039782,7.77220626039782,7.77220626039782,7.934796205824,7.93504057721253,7.77220626039782,7.77220626039782,7.77220626039782,7.77220626039782,8.64524794347553,8.65008927221994,7.95219721029869,7.93824489629499,7.77220626039782,7.77220626039782,8.60682426988842,8.60760768574711
"Hnrnph1",9.58258703152079,9.57791225741838,10.276988832171,10.2688328843067,10.1847411841723,10.1894943994675,10.0824063949718,10.1156969049156,9.70658290848345,9.70936739789309,9.17539217526553,9.14318030343107,9.62369183072248,9.62973758297361,8.98304951682669,8.98260178756958,9.46557266193169,9.45670238233844
"Rflnb",7.77220626039782,7.77220626039782,7.98011391236076,7.9851580417684,7.98053353558564,7.9808464371486,7.77220626039782,7.77220626039782,7.77220626039782,7.77220626039782,9.22093038065887,9.22108032752823,7.98394832436321,8.01730210541818,7.77220626039782,7.77220626039782,8.64287049010108,8.60760768574711
"Prr11",7.77220626039782,7.77220626039782,7.77220626039782,7.77220626039782,7.89514056379516,7.89532541694284,7.77220626039782,7.77220626039782,7.77220626039782,7.77220626039782,7.77220626039782,7.77220626039782,7.84284325860784,7.84303733874237,8.32633335085559,8.32611919589742,8.58180051938338,8.56971234356396
"Col1a1",8.77466500114498,8.77411231096981,8.57954973020424,8.56381316697333,8.44250424479793,8.38790690307596,8.47855962073438,8.53770132530728,7.77220626039782,7.77220626039782,8.7108041348059,8.34572984737628,8.50358444809928,8.48220173735063,9.33979997255622,9.28321805209153,10.3863222182779,10.2778919295323
"Plxdc1",7.77220626039782,7.77220626039782,7.83800363682384,7.83797858777215,8.06657067429566,8.06701203728795,7.77220626039782,7.77220626039782,7.77220626039782,7.77220626039782,8.89194272174304,9.01440752005508,8.02165984421514,8.02234366315913,8.72071744910277,8.72035918808182,8.33913056986463,8.33967055390243
"G6pc",8.14462601695733,8.14441367710433,10.9975256999281,11.0058598126856,10.9799278817936,10.981695567733,9.52370636278929,9.52610429719961,9.38313114825006,9.34414888812846,8.51085643655118,8.5149871989971,8.83874090640177,8.8415448195179,9.30005598017267,9.33924066116589,8.82145492650618,8.83186716649153
"Cd300lb",7.77220626039782,7.77220626039782,7.99991836619207,7.9998318406651,7.934796205824,7.93504057721253,7.77220626039782,7.77220626039782,7.77220626039782,7.77220626039782,9.34732344722657,9.34882752430709,8.01663200246897,8.01730210541818,8.42188933064241,8.42163937591688,7.77220626039782,7.77220626039782
"Recql5",8.69910863727154,8.69859476440681,8.75739245502685,8.76815109689988,8.78214673016165,8.78791980533762,9.15814557038433,9.15856399596095,8.56178289882143,8.56305358872695,7.77220626039782,7.77220626039782,8.50194751527301,8.50061673834668,8.31313503863613,8.31292586552947,7.77220626039782,7.77220626039782
"Smim6",7.77220626039782,7.77220626039782,7.97485832353032,7.97478128710896,7.9227466679599,7.92297296320204,7.77220626039782,7.77220626039782,7.77220626039782,7.77220626039782,7.77220626039782,7.77220626039782,8.13830050043735,8.139301185927,8.25658835958885,8.25640062395722,8.74210943013867,8.74301135356254
"Itgb4",8.34398893977925,8.34366534495559,8.17119800390236,8.16835992526751,8.07598369843719,8.07951624137596,8.35775282927067,8.35967813749886,9.15940742289192,9.16153374026964,7.77220626039782,7.77220626039782,8.04540113700936,8.05066406893828,7.77220626039782,7.77220626039782,7.77220626039782,7.77220626039782
"Evpl",7.77220626039782,7.77220626039782,7.95229846185241,7.95222997775688,7.8694053824064,7.8695515714311,7.77220626039782,7.77220626039782,7.77220626039782,7.77220626039782,8.42309691896587,8.42675438672529,7.87209208817061,7.87236647652574,7.77220626039782,7.77220626039782,8.54258033183118,8.543306335396
"Mrpl12",9.03218487511219,9.03150513209648,9.16312932957249,9.16664616410125,9.21323805431954,9.2252573514903,9.3997853526207,9.40469788484106,8.64003361661556,8.64142325740579,10.3835667779845,10.3924357056442,9.53601614299123,9.53080005618559,9.33588721753371,9.33532906201551,9.55475748099644,9.55628708116288
"AC160138.1",7.77220626039782,7.77220626039782,7.77220626039782,7.83797858777215,7.91634317112166,7.87883866228415,7.77220626039782,7.77220626039782,7.77220626039782,7.77220626039782,7.77220626039782,7.77220626039782,7.90432301385744,7.87236647652574,8.50438330821571,8.51371799913995,8.60682426988842,8.6198238399895
"Gm48557",7.77220626039782,7.77220626039782,7.81873404740824,7.81871633275252,7.81568160599039,7.77220626039782,7.77220626039782,7.77220626039782,7.77220626039782,7.77220626039782,7.77220626039782,7.77220626039782,7.77220626039782,7.77220626039782,8.42188933064241,8.42163937591688,8.66600263145623,8.66683830023478
"Klhdc1",7.77220626039782,7.77220626039782,7.95229846185241,7.77220626039782,7.94600910198311,7.93504057721253,7.77220626039782,7.77220626039782,7.77220626039782,7.77220626039782,8.64524794347553,8.98658475722389,7.94514458635282,7.94561927130092,8.42188933064241,8.66785576732165,7.77220626039782,7.77220626039782
"Gm48653",7.77220626039782,7.77220626039782,7.87622753006797,7.87618793946596,7.99788915010646,7.99822801713017,7.77220626039782,7.77220626039782,7.77220626039782,7.77220626039782,8.75972449603996,8.6077362616461,7.84284325860784,7.85895190558427,8.74224200913449,8.68320655622482,7.77220626039782,7.77220626039782
"Dcaf4",7.77220626039782,7.77220626039782,8.16850988289168,8.17104704191935,8.19884861208861,8.20166666945015,7.77220626039782,7.77220626039782,7.77220626039782,7.77220626039782,8.61741973208154,8.83403849194322,8.14827665360027,8.14266623407259,8.48472318036029,8.56876882036566,8.67732013848141,8.66683830023478
"Tgfb3",7.77220626039782,7.77220626039782,7.95229846185241,7.95812592786061,7.95135136834029,7.95162056098612,7.77220626039782,7.77220626039782,7.77220626039782,7.77220626039782,9.46719114367322,9.47589170281995,7.85871424262458,7.85895190558427,8.17441990492784,7.77220626039782,8.27992356692044,8.33967055390243
"Ak7",7.77220626039782,7.77220626039782,7.77220626039782,7.77220626039782,7.99788915010646,7.99822801713017,7.77220626039782,8.25720225477963,7.77220626039782,7.77220626039782,8.52709247575965,8.98658475722389,7.94514458635282,7.94561927130092,8.69112133642966,8.71306182744733,8.33913056986463,8.42607884844519
"Gm16505",7.77220626039782,7.77220626039782,7.77220626039782,7.77220626039782,7.85914708543627,7.8592778557266,7.77220626039782,7.77220626039782,7.77220626039782,7.77220626039782,8.44164017630305,8.44539821483541,7.85871424262458,7.85895190558427,7.77220626039782,7.77220626039782,8.23608127984504,8.2365249692079
"Gm47904",7.77220626039782,7.77220626039782,7.91928272036836,7.91168818926669,7.90259285272143,7.87883866228415,7.77220626039782,7.77220626039782,7.77220626039782,7.77220626039782,8.87120040299235,8.6362287925063,7.87209208817061,7.87236647652574,8.24134346268813,8.22539177914152,7.77220626039782,7.77220626039782
"Inhba",8.69910863727154,8.69859476440681,9.01990779221688,9.01869200310478,8.64352893431001,8.63863987118179,8.83405378756308,8.84279010130934,7.77220626039782,7.77220626039782,7.77220626039782,7.77220626039782,8.15477975577374,8.14930430442917,7.77220626039782,7.77220626039782,8.1009187201413,8.10123446977506
"Elmo1",7.77220626039782,7.77220626039782,7.99024281993143,7.99015995663696,8.03983253494935,8.01435577042783,7.77220626039782,7.77220626039782,7.77220626039782,7.77220626039782,8.67211717302875,8.67709832270111,8.00624935527492,8.00689112152849,7.77220626039782,7.77220626039782,8.97009013531342,8.9630468921029
"Aoah",7.77220626039782,7.77220626039782,8.01370017149232,8.02663361260124,8.03271414215683,8.03310503475886,7.77220626039782,7.77220626039782,7.77220626039782,7.77220626039782,9.10326051094079,9.09356848173015,8.01149751262423,8.00689112152849,8.53284336842212,8.53255250287864,7.77220626039782,7.77220626039782
"Cmah",9.98655895705835,9.99093937250294,9.62461170082366,9.61902976677936,9.56839644534,9.56584459105721,9.13079774125279,9.13104209181231,9.65208914723352,9.65945210537085,9.25027353933229,9.25804694435921,9.19185775980239,9.1954710544172,8.926976550138,8.92654744907827,8.51517116185224,8.52972480774645
"Mboat1",7.77220626039782,7.77220626039782,7.96946181354583,7.96938682209962,7.8694053824064,7.8695515714311,7.77220626039782,7.77220626039782,7.77220626039782,7.77220626039782,8.54295664360629,8.48111466148748,7.85871424262458,7.85895190558427,7.77220626039782,8.25640062395722,8.78268453779057,8.75334551917129
"Serpinb6b",8.03591132011493,8.03576055121533,7.96946181354583,7.96938682209962,7.94049648984914,7.94074940960522,7.77220626039782,7.77220626039782,7.77220626039782,7.77220626039782,9.16761352973661,9.17501539448291,8.02658736210066,8.0272846193401,7.77220626039782,7.77220626039782,8.40918527568399,8.40978997823975
"A830082K12Rik",7.77220626039782,7.77220626039782,7.89527523028582,7.88610755496725,7.88720511761987,7.887378051533,7.77220626039782,7.77220626039782,7.77220626039782,7.77220626039782,8.60311572774527,8.6077362616461,7.95219721029869,7.95269120409652,7.77220626039782,7.77220626039782,8.33913056986463,8.33967055390243
"Hmgcr",10.2120288184616,10.1946584408412,10.2424422024466,10.2318480405979,9.64223439191458,9.63809948822656,9.96721643041224,9.95746826592395,8.44185228618016,8.4750562620463,8.34251270336284,8.49826488404262,9.075262637382,9.07777674069288,9.09633442220138,9.08605613958415,8.96196009972145,8.97925341115023
"Gm10736",8.09495403908472,8.12049443167574,7.92645468085461,7.88610755496725,7.83368735781563,7.8592778557266,7.96504603122835,8.2443824592017,8.22361821368536,8.24860035022001,8.73561969858113,8.70322743099827,7.88387643796239,7.84303733874237,8.66040505387041,8.31292586552947,9.11324383160915,8.83186716649153
"Gm18813",7.77220626039782,7.77220626039782,7.77220626039782,7.77220626039782,7.934796205824,7.93504057721253,7.77220626039782,7.77220626039782,7.77220626039782,7.77220626039782,8.88162923776633,8.87719178703018,7.77220626039782,7.77220626039782,8.41077208181988,8.41052626664375,8.1009187201413,8.10123446977506
"Rpgrip1",8.09495403908472,8.09476976769376,8.0732076139489,8.07309341664046,7.96158207894755,7.94627028679174,8.21612886588933,8.23119169298683,7.77220626039782,7.77220626039782,9.05227033822482,9.05034723743839,7.93779035199358,7.92240891217754,8.3878961174968,8.38765884201374,8.67732013848141,8.67816572835805
"Stc1",7.77220626039782,7.77220626039782,7.89527523028582,7.89522839821035,7.77220626039782,7.77220626039782,7.77220626039782,7.77220626039782,7.77220626039782,7.77220626039782,8.72330425210539,8.71598520869284,7.84284325860784,7.84303733874237,7.77220626039782,7.77220626039782,8.60682426988842,8.5951900709793
"Il7r",7.77220626039782,7.77220626039782,7.77220626039782,7.77220626039782,7.934796205824,7.93504057721253,7.77220626039782,7.77220626039782,7.77220626039782,7.77220626039782,7.77220626039782,7.77220626039782,7.85871424262458,7.85895190558427,8.55118884948502,8.55089129432118,8.60682426988842,8.60760768574711
"Trps1",7.77220626039782,7.77220626039782,7.95229846185241,7.95222997775688,7.8694053824064,7.8695515714311,7.77220626039782,7.77220626039782,7.77220626039782,7.77220626039782,9.21347112280806,9.22108032752823,7.88387643796239,7.88418316743581,7.77220626039782,7.77220626039782,8.81192012677489,8.81288183680254
"Zhx2",8.4762361741261,8.46383332387573,8.08716093126678,8.08361392611559,8.19884861208861,8.21027809174817,8.55814237896058,8.56069890734033,8.74443656485783,8.70115808145412,10.3262509875261,10.303508042971,8.25172416940165,8.23739832205029,8.96656331567051,9.00415763852707,8.63104232155651,8.6198238399895
"Trappc9",7.77220626039782,7.77220626039782,8.23320813742346,8.23303408135141,8.24829003544562,8.24704325785602,7.77220626039782,7.77220626039782,7.77220626039782,7.77220626039782,8.81720084002591,8.80026872571389,8.14827665360027,8.14930430442917,8.46445894426317,8.46419320470322,9.08472142433365,9.15587264570446
"Cpsf1",9.1143663876386,9.11364794001281,9.27383599353051,9.26845783367263,9.31455378428753,9.31871589193027,9.15814557038433,9.07794915308684,8.71109660010755,8.7125926461059,8.40397210237593,8.38765666384292,8.83767059244127,8.83616765701447,8.25658835958885,8.25640062395722,8.40918527568399,8.40978997823975
"A430088P11Rik",7.77220626039782,7.77220626039782,7.77220626039782,7.77220626039782,7.77220626039782,7.77220626039782,7.77220626039782,7.77220626039782,7.77220626039782,7.77220626039782,8.52709247575965,8.76515595077493,7.88387643796239,7.85895190558427,8.37611303049751,8.37588016486733,7.77220626039782,7.77220626039782
"Lmf2",8.49962267966047,8.49921424447208,8.82681530554166,8.82454850067386,8.79415352825562,8.79648228807958,8.67613252127481,8.67256738396609,8.51925807210229,8.52046338075079,9.71587302454265,9.73045585117358,8.66793478877167,8.66900831578141,9.42994647681855,9.42211088583279,9.52575572328717,9.52726569620892
"Slc38a1",7.90419638419035,7.77220626039782,8.00919608817758,8.01802760912362,8.02165172251232,8.02202610036263,7.77220626039782,7.77220626039782,7.77220626039782,7.77220626039782,9.0695475522493,9.08506726335328,7.95898239381081,7.95949495868379,8.79044694136069,8.8670055756376,7.77220626039782,7.77220626039782
"Myh11",8.82158630404995,8.82100984426866,8.18436909755199,8.18679496891228,8.2560234364414,8.26436300919557,8.57302784661097,8.57563040584202,8.74443656485783,8.74598197282606,9.05227033822482,9.06785325822685,8.1028322495872,8.10373687796734,9.33979997255622,9.33140406810635,11.2873490434173,11.2949796383312
"Klhl6",8.09495403908472,8.09476976769376,8.186951811749,8.16565399480401,8.14012296430684,8.12239601702368,8.2680431783657,8.26967978820612,7.77220626039782,7.77220626039782,8.96116125868852,8.96759316537907,8.1643276090229,8.16539859409409,8.19218207778303,8.19201892909563,8.89433428587818,8.89536529563102
"Gm49767",7.77220626039782,7.77220626039782,7.77220626039782,7.77220626039782,7.83368735781563,7.83377984738878,7.77220626039782,7.77220626039782,7.77220626039782,7.77220626039782,8.99860695281301,9.00521910761299,7.77220626039782,7.77220626039782,7.77220626039782,7.77220626039782,8.54258033183118,8.64368580826973
"Pak2",8.29744534158067,8.28065153090643,8.61437160905577,8.62611141527519,8.55476556666879,8.55591488926938,8.80136981650136,8.80466123628898,8.86627843850466,8.42624255002882,9.46117744238999,9.46378405503089,8.6898555583866,8.6871782545949,9.05657930136934,9.13413638266738,9.16808003725574,9.12146838580621
"Gm49594",8.14462601695733,7.77220626039782,8.17651928233925,8.16292885945656,8.06657067429566,8.00236685536418,7.77220626039782,8.17397271847933,7.77220626039782,7.77220626039782,8.78317011256999,8.78872057747902,7.96552829928683,7.95269120409652,8.56907287534875,8.35156255993518,8.58180051938338,8.42607884844519
"Tmem39a",9.00115692994829,9.01301228943835,8.42466257266669,8.44801154979426,8.36261649266614,8.39088705292638,8.74994864146953,8.7530879137596,8.79725751233476,8.7988803644128,7.77220626039782,7.77220626039782,8.21723199665798,8.25046137623044,7.77220626039782,7.77220626039782,7.77220626039782,7.77220626039782
"Btla",7.77220626039782,7.77220626039782,8.00919608817758,8.00910605281027,8.06336441492813,8.08557859028289,7.77220626039782,7.77220626039782,7.77220626039782,7.77220626039782,7.77220626039782,7.77220626039782,8.07138721550253,8.07632943072897,8.88568309885697,8.88526789366439,9.00976566262355,9.01089127936376
"Pde10a",7.77220626039782,7.77220626039782,7.91928272036836,7.91922676710554,7.84750207103667,7.8476153342964,7.77220626039782,7.77220626039782,7.77220626039782,7.77220626039782,8.72330425210539,8.6221154351222,7.94514458635282,7.94561927130092,8.15581404786471,8.19201892909563,8.42545920650993,8.60760768574711
"Igf2r",8.79843761419775,8.79002412316641,8.68959167927746,8.67702092026296,8.70351069134135,8.69627995372963,8.63653578631737,8.63251353977953,8.47392119838423,8.45919850740318,9.47912828948384,9.48787782128531,8.6560813023737,8.64366550845557,9.26305419599856,9.22426134658874,9.27615440202945,9.27748661948197
"Wdr27",7.77220626039782,7.77220626039782,7.94619937656064,7.91168818926669,7.84750207103667,7.83377984738878,7.77220626039782,7.77220626039782,7.77220626039782,7.77220626039782,7.77220626039782,7.77220626039782,8.01663200246897,8.05947753589409,8.37611303049751,8.17426356586552,8.71035089626747,8.7112253053926
"Zfp53",7.77220626039782,7.77220626039782,8.17915315884059,8.19696081089238,8.1877846067961,8.18615292439324,8.35775282927067,8.35967813749886,7.77220626039782,7.77220626039782,9.19839870931476,9.18282942280819,8.14165647478343,8.139301185927,8.62024638855212,8.72035918808182,8.68848024318037,8.58256165522337
"Gm6402",7.77220626039782,7.95869666774759,7.90376682934094,7.91168818926669,7.77220626039782,7.77220626039782,7.77220626039782,7.77220626039782,7.92322252252187,7.77220626039782,8.82826099349269,8.90828817341304,7.77220626039782,7.85895190558427,7.893835342818,7.89378778851409,8.37523453627177,8.7112253053926
"Rsph1",7.77220626039782,7.77220626039782,7.88615091867034,7.87618793946596,7.83368735781563,7.83377984738878,7.77220626039782,7.77220626039782,7.77220626039782,7.77220626039782,8.12730566543127,8.71598520869284,7.85871424262458,7.85895190558427,7.77220626039782,7.77220626039782,8.54258033183118,8.44194563044675
"Myo1f",8.14462601695733,8.14441367710433,8.16307678634276,8.17371572268087,8.25217288204513,8.25094825716703,8.3473403336261,8.3492323076361,7.77220626039782,7.77220626039782,9.72563145285954,9.73045585117358,8.26927293058466,8.27062552171074,8.50438330821571,8.50410286380773,8.55589324061968,8.55663119807264
"CT010467.2",9.34722483700075,8.82100984426866,9.78452690733232,9.75460596676596,9.65457071120498,9.67611214878287,8.96831643269832,8.92929162665985,9.46166741684795,9.55819980539114,9.8853096154878,9.61780383605221,10.1394150471722,10.1655348051879,10.3903983069345,10.3335289716062,10.3269873751088,10.4548750962954
"Ptk7",7.77220626039782,7.77220626039782,7.94619937656064,7.94613320607105,7.94600910198311,7.94627028679174,7.77220626039782,7.77220626039782,7.77220626039782,7.77220626039782,8.90214408972936,8.69026805960156,7.90432301385744,7.90468583220256,7.77220626039782,7.77220626039782,8.32013880008729,8.32066113047046
"Ndc80",7.77220626039782,7.77220626039782,7.98523901036956,7.9851580417684,7.89514056379516,7.89532541694284,7.77220626039782,7.77220626039782,7.77220626039782,7.77220626039782,8.78317011256999,8.78872057747902,7.94514458635282,7.94561927130092,7.77220626039782,7.77220626039782,9.00976566262355,8.99519806006776
"Gm4708",7.77220626039782,7.77220626039782,7.85278776880637,7.86521432600736,7.9227466679599,7.83377984738878,7.88359758507842,7.77220626039782,7.77220626039782,7.77220626039782,8.74775756540573,8.77701816913188,7.85871424262458,7.82229391111243,7.893835342818,7.77220626039782,7.77220626039782,7.77220626039782
"Zfp36l2",8.91560832103045,9.09083478642113,8.57954973020424,8.62849910683684,8.53611473866224,8.55591488926938,8.73809167719629,8.72913364106914,9.26080467707856,9.15441648467444,7.77220626039782,7.77220626039782,8.32506896426084,8.34608322792968,8.25658835958885,8.28547446613619,8.37523453627177,8.37580795503199
"Lama3",7.77220626039782,7.77220626039782,8.08026448039352,8.07664125630018,7.92888776764991,7.92912327650432,7.77220626039782,7.77220626039782,7.77220626039782,7.77220626039782,8.49422329320042,8.46350452433011,7.88387643796239,7.88418316743581,8.24134346268813,8.3638532370753,8.27992356692044,8.28040837292102
"Nrep",8.74191671781079,8.73299730388655,9.08247475245191,9.08777091555605,9.11084743631195,9.11211323252557,9.46630228094317,9.4713764845538,9.54042976361296,9.54302814291642,8.67211717302875,8.67709832270111,8.77444109253293,8.7747804003849,8.27135107541786,8.27115772894966,8.52901101798048,8.52972480774645
"Lmnb1",7.77220626039782,7.77220626039782,8.10698580662612,8.10363968215318,8.09397293438114,8.07332999077676,7.77220626039782,7.77220626039782,7.77220626039782,7.77220626039782,8.60311572774527,8.6362287925063,8.14498158618754,8.139301185927,8.3878961174968,8.39920329490745,8.60682426988842,8.60760768574711
"Cd74",9.60856180487768,9.59286161569743,9.45232460501418,9.44185247065556,9.56427588968643,9.59687118884522,9.33584573706677,9.30376211477915,9.84933368546571,9.66867699036966,9.6659109462304,9.47589170281995,9.70701700155918,9.70970880373348,9.89879215995767,9.89062549435969,11.3945840706061,11.3920201588674
"Cd226",7.77220626039782,7.77220626039782,7.95229846185241,7.95222997775688,7.91634317112166,7.91655985689083,7.77220626039782,7.77220626039782,7.77220626039782,7.77220626039782,8.58853349049086,8.59307717611095,7.88387643796239,7.89486466266216,8.28567324662184,8.28547446613619,7.77220626039782,7.77220626039782
"Ctsw",7.77220626039782,7.77220626039782,7.96391248162731,7.96383959361134,8.05352346553319,8.05394539241201,7.77220626039782,7.77220626039782,7.77220626039782,7.77220626039782,9.21347112280806,9.22857302501406,8.03142027794747,8.03213071154876,8.27135107541786,8.28547446613619,8.65452159539259,8.65534717578785
"Efemp2",8.41374973567594,8.41338786284602,8.29978306895099,8.31148068733589,8.19884861208861,8.19948588424036,8.04472062436947,8.04562628890393,7.77220626039782,7.77220626039782,9.30674375647385,9.30782916540681,8.2618319743805,8.2606514576386,9.05150049421968,9.061159748968,8.23608127984504,8.2365249692079
"Flrt1",7.77220626039782,7.77220626039782,7.88615091867034,7.87618793946596,7.77220626039782,7.77220626039782,7.77220626039782,7.77220626039782,7.77220626039782,7.77220626039782,9.02579468282133,9.06785325822685,7.82215665511846,7.82229391111243,8.62024638855212,8.61992385588323,8.55589324061968,8.55663119807264
"Tmem252",7.77220626039782,7.77220626039782,7.88615091867034,7.88610755496725,7.8786785384144,7.887378051533,7.77220626039782,7.77220626039782,7.77220626039782,7.77220626039782,7.77220626039782,8.38765666384292,7.9134379673218,7.90468583220256,7.77220626039782,7.77220626039782,8.52901101798048,8.52972480774645
"Hectd2os",7.77220626039782,7.77220626039782,7.94619937656064,7.87618793946596,7.85914708543627,7.8592778557266,7.77220626039782,7.77220626039782,7.77220626039782,7.77220626039782,8.75972449603996,8.6362287925063,8.05433271881272,8.00689112152849,8.63656019158935,8.63623180707513,7.77220626039782,7.77220626039782
"Cyp2c54",10.7687403124739,10.7597433143441,10.2758968795387,10.2832942258383,10.1509012991159,10.166350083179,10.440731831587,10.4463385191535,10.6317929718127,10.6152389252417,9.52572255281606,9.53466117022805,9.06599553961102,9.05824408744001,9.51368437956661,9.50631853173599,8.73165660357563,8.73254949249091
"Tm9sf3",9.246947656916,9.15784844549684,9.36120504225186,9.36289488788109,9.19636002339782,9.19550200385022,8.3780125824293,8.59026237658071,9.02348865559536,8.81917617309973,10.3687154642651,10.3714950411777,9.60433236861061,9.60825404243036,9.3857456650715,9.38141402221846,9.86216127671842,9.82975791876888
"Entpd7",7.77220626039782,7.77220626039782,7.99991836619207,8.00451563100351,8.07598369843719,8.06701203728795,7.92969830208347,8.2443824592017,8.03353610903994,7.98602968587266,9.40563392318367,9.42040740506677,8.0008797038816,7.99033640210472,8.44353564100697,8.42163937591688,8.42545920650993,8.45741974743522
"Gm16298",7.77220626039782,7.77220626039782,7.77220626039782,7.77220626039782,7.77220626039782,7.77220626039782,7.77220626039782,7.77220626039782,7.77220626039782,7.77220626039782,9.0695475522493,9.07649600550655,7.77220626039782,7.77220626039782,8.42188933064241,8.42163937591688,8.50104526081155,8.50173378580746
"Gm7190",7.77220626039782,7.77220626039782,7.77220626039782,7.77220626039782,7.77220626039782,7.77220626039782,7.77220626039782,7.77220626039782,7.77220626039782,7.77220626039782,8.68521901681421,8.69026805960156,7.77220626039782,7.77220626039782,8.28567324662184,8.28547446613619,8.61902959631955,8.6198238399895
"Olfr1322",7.77220626039782,7.77220626039782,7.77220626039782,7.77220626039782,7.77220626039782,7.77220626039782,7.77220626039782,7.77220626039782,7.77220626039782,7.77220626039782,8.73561969858113,8.74092812599423,7.77220626039782,7.77220626039782,8.32633335085559,8.32611919589742,8.27992356692044,8.28040837292102
"Gm14597",7.77220626039782,7.77220626039782,7.92645468085461,7.83797858777215,7.85914708543627,7.90278889684571,7.77220626039782,7.88396869933272,7.77220626039782,7.77220626039782,7.77220626039782,7.77220626039782,7.95898239381081,7.95269120409652,8.15581404786471,8.37588016486733,8.02704551377899,8.50173378580746
"P2ry4",7.77220626039782,7.77220626039782,7.87622753006797,7.87618793946596,7.98500618337378,7.98532577862792,7.77220626039782,7.77220626039782,7.77220626039782,7.77220626039782,8.93210565252148,8.93839642236378,7.90432301385744,7.90468583220256,8.32633335085559,8.32611919589742,7.77220626039782,7.77220626039782
"Col4a6",7.77220626039782,7.77220626039782,7.94619937656064,7.94613320607105,7.81568160599039,7.81574701342815,7.77220626039782,7.77220626039782,7.77220626039782,7.77220626039782,7.77220626039782,7.77220626039782,7.92199763817081,7.92240891217754,8.3878961174968,8.38765884201374,8.32013880008729,8.32066113047046
"Tmem29",8.40045366363381,8.40009905654157,8.3476749565878,8.32310857263837,8.29644773705693,8.28289320204943,8.60191920181566,8.6046107330739,8.48937835911763,8.49053743307411,9.15188567218108,9.11036635881562,8.43832107044967,8.42544494451554,8.7279538829588,8.72759307801467,8.76263643923728,8.76355604252934
"Gm47283",7.77220626039782,7.77220626039782,8.69509336573553,9.08345136083071,8.27848949912891,8.21662389133511,8.40712345695084,8.28184022660829,8.98230065561497,8.78855511729823,10.7745235991238,11.5782545635484,8.19163808166304,8.15582497133613,8.79044694136069,9.09584993438824,9.53063776868106,9.68762981686263
