"Geneid","baseMean","log2FoldChange","lfcSE","stat","pvalue","padj"
"Ppp1r42",10.1059192127737,5.63375606876507,1.78995605588964,3.14742702773505,0.00164714213655428,0.0387966957027044
"Gm7560",36.7372510881397,-24.00667382261,3.00387049357677,-7.99191372395844,1.32860007758316e-15,4.73986178897776e-13
"Gm7593",26.9030632073804,8.43121392233498,2.37030731808049,3.55701299068794,0.000375095614008344,0.0153019519952191
"Gm15825",27.8359838217646,-24.2776563670386,3.00409346915035,-8.08152496463601,6.39618301854682e-16,3.89820704217851e-13
"Pkhd1",30.9638951713356,3.53460238436577,1.05460142531276,3.35160023448435,0.000803459474449742,0.0243821612713203
"Adgrb3",15.66514335494,-7.17161558193498,2.19508890487617,-3.2671185053161,0.00108648190084414,0.0301985765258834
"Prim2",19.4702367916102,4.68679302978277,1.4456462313033,3.24200549781635,0.00118691732676538,0.0320972027255415
"Gm15455",50.0618131489988,8.87301017072604,2.22853967221501,3.98153565823978,6.84714462575617e-05,0.00413856134053452
"Gm33222",16.2955652171413,-23.5485955332157,3.00474484130635,-7.8371365213752,4.60936823076419e-15,9.77119262483882e-13
"Aff3",16.0080675999815,4.72072083496334,1.30618555127633,3.61412728103638,0.000301360997806272,0.0130531981046051
"Chst10",17.1398040826377,6.58510531519055,2.10174669858162,3.13315839612573,0.00172936089429776,0.0396873794494718
"Il18r1",22.6456105093322,5.76659987196797,1.70282177961718,3.38649642669262,0.000707911984091285,0.0224612333867749
"Cd28",28.4824809768014,-6.66525881400727,1.93851493124887,-3.43833246087676,0.000585308604131368,0.0199684482773644
"Ctla4",25.5888435482343,-7.19346314072558,2.00244779396033,-3.59233492249941,0.000327728261467194,0.0138372265107023
"Ino80dos",37.9704982491516,5.79486432920435,1.56606231759375,3.70027697116686,0.000215364283711087,0.0102945535223597
"Myl1",98.2030177718005,-9.8370352988754,1.99520296647645,-4.93034316014861,8.20852964065924e-07,9.02753105668591e-05
"Gm5256",17.9642166830456,7.84634431206137,2.43222155147083,3.22599900790965,0.00125533792148903,0.0331822329674732
"Gm4319",14.7590907482068,-23.3863795653109,3.00490859448739,-7.78272577349409,7.09783780306437e-15,1.19333417868302e-12
"Hes6",235.305679925661,-1.72167022006783,0.457075759866604,-3.76670646583904,0.000165415293691106,0.00843067508242113
"Pask",23.1543696107261,5.37626317266377,1.51714361525816,3.54367452006113,0.000394592055287766,0.0156940511221808
"Bcl2",90.2404766883534,5.03695272784482,1.50661774606415,3.34321876999207,0.000828125856568174,0.0250197962345229
"Sctr",14.0586527886664,-6.0964369344759,1.88203363432951,-3.2392816064883,0.00119831196644163,0.0321609341892508
"Celrr",23.9372245692741,8.26129894677642,2.40277580144223,3.43823129141624,0.000585527341053492,0.0199684482773644
"Gm37772",22.0494998402995,22.9261177786774,3.03368249441721,7.55719091265077,4.11867236435224e-14,6.21070316220415e-12
"Rpl31-ps9",16.4545478976079,5.53922506151754,1.6891620674463,3.27927388867537,0.00104074574224542,0.0293616702213043
"C4bp-ps1",14.0214941935021,-7.00617323476165,2.29473885064472,-3.05314621434732,0.00226455569818685,0.0475914600537055
"Gm37163",29.487899044845,-8.120047673195,1.67967640319823,-4.83429287792209,1.33619743045362e-06,0.000140608343994569
"Mgat4e",19.5299900498818,7.96736887807346,2.40267111339936,3.31604639255058,0.000913006710482757,0.0266557867349926
"Gpr37l1",19.6166789210547,-6.79010011335613,1.43995839246939,-4.71548355068217,2.41137375447121e-06,0.00023740062303979
"Lad1",21.9659381341762,-4.35245411457055,1.27392119828226,-3.41658033514108,0.000634129509195522,0.0207968886345357
"Kif14",15.1600569850264,-5.88255172876349,1.67946125815856,-3.50264211227675,0.000460667968453413,0.0171898343357066
"Gm33994",19.1488438835556,-6.52515353324881,1.58205098797153,-4.12449003405081,3.71557079233622e-05,0.00254334112459505
"Gm19705",13.3799515841002,5.32847506287612,1.51675349919307,3.51307912967463,0.00044294553930709,0.0168837998993083
"Platr22",24.7620258647224,6.47551338447716,1.65443886406199,3.91402397824385,9.07706158092114e-05,0.00533213573269613
"Ptprc",165.298938447032,-2.29743959639271,0.75276043739412,-3.05201958321018,0.0022730727059237,0.0475919959614871
"Gm38266",25.8269335516957,-24.1571666579842,3.00416502943495,-8.04122490651848,8.89448351754311e-16,4.31038818724234e-13
"2810414N06Rik",39.9511279374931,3.10102232467731,0.755917816149642,4.10232734091749,4.09015055906013e-05,0.00269489334357534
"Cacna1e",30.5654004621892,-6.32882009812358,1.85586103123462,-3.41017996046466,0.000649200271890109,0.0209621465274539
"Tex50",14.0246754830086,-7.0104296056935,2.21726111356891,-3.16175193024942,0.00156823098726581,0.0375679570036867
"Fmo3",263.858589783913,-2.45333648808957,0.418913509883435,-5.85642723428095,4.7293065753867e-09,6.1763899355519e-07
"Gm36945",22.4841595772152,8.18654691110992,1.40848946291657,5.81228836043828,6.16245682375631e-09,7.97683681071535e-07
"Gm38190",37.3708121221837,5.93998858318393,1.39102437669411,4.27022608856132,1.95274912781689e-05,0.00146476212782449
"Nuf2",9.57262153839235,4.8302926696235,1.50756851374836,3.20402862329199,0.00135519002893447,0.0344993165125065
"Nos1ap",20.0260807455132,6.79250740582946,1.72632907556551,3.93465388608159,8.33166731850562e-05,0.00491400394628152
"Mpz",8.14552355199567,-5.31168719466224,1.69482242839308,-3.13406708908049,0.00172401434268854,0.0396873794494718
"Slamf6",26.487716214697,-6.12342483301518,1.88477740641913,-3.24888488802984,0.00115858352528677,0.0317352082853363
"Olfr433",25.8269335516957,-24.1571666579842,3.00416502943495,-8.04122490651848,8.89448351754311e-16,4.31038818724234e-13
"Gm37668",13.0934250114317,-6.91426588508524,2.17038841776919,-3.18572741564479,0.0014439057119211,0.0356756906220775
"Akt3",48.631725436616,3.33085506824895,0.934169007668169,3.5655807898865,0.00036305129875126,0.0149587361882667
"Gm37033",41.4320039392789,3.01287785910492,0.963330578627976,3.12756381448621,0.0017626155122019,0.0400788764113808
"Gm28172",14.5172277856572,-6.37093528252196,2.09204260339263,-3.04531813653811,0.00232434302261016,0.04822434807336
"Pacc1",21.0222366343623,-4.27232572637695,1.36987047722129,-3.11878078797869,0.00181601015962886,0.0406780713704308
"Dtl",21.9598498286585,5.41368406966895,1.51396176054725,3.57583937107638,0.000349105967797723,0.0144656458667912
"Prkcq",24.0218648584957,-4.72908803928973,1.18304317841686,-3.99739259358071,6.40440345500795e-05,0.00391954850779922
"Gm37975",16.9508769426013,6.56740773875626,2.03598262582531,3.22566983404099,0.001256782461474,0.0331822329674732
"Il2ra",30.4193583909874,-6.97463312406104,2.25846998244118,-3.08821156724968,0.00201365058719098,0.0437647357189337
"Gm13329",21.3382256519027,22.8899750396992,3.0337415803598,7.54513014156746,4.51836063916723e-14,6.41651078340767e-12
"Gm26323",28.3308487990061,8.51682582612208,1.73495353998358,4.90896478196337,9.15584169256584e-07,9.99421615202691e-05
"Il1rn",25.3300730804917,4.55813394139675,1.35352604710527,3.36759972306778,0.000758255980121301,0.0235477924017713
"Stpg3",32.0767105405783,6.84341832721337,1.59613252344019,4.28750008330359,1.80695189792022e-05,0.00139106765320416
"Uap1l1",49.1622130538314,4.40084888147688,1.02510546612157,4.29306937375647,1.7621991548461e-05,0.00137837898598577
"Gm13398",33.5902904878905,8.75103072236727,2.39131586061454,3.65950431998489,0.000252703583305738,0.0115422347737427
"Brd3os",12.052686069713,7.27649893340832,2.35136874654841,3.09458010109624,0.00197091706982065,0.0431717766980629
"Med27",28.1699425896995,-4.38919851107908,1.31366094926543,-3.34119584930451,0.000834183574572335,0.0251061793112542
"Abl1",126.137547121006,-0.747608583226667,0.237498208987824,-3.14784935184498,0.00164476435322626,0.0387966957027044
"Gm13611",21.6366350401317,5.11443771293841,1.23394118981363,4.14479859750114,3.40112505654892e-05,0.0023917430866414
"Garnl3",16.4001024900006,5.63197935376535,1.53693589686237,3.66442046494129,0.000247899257030145,0.0114025862659746
"Gm13536",21.5224446264131,-23.9137122926183,3.0043632428509,-7.95966078653197,1.72511563436606e-15,5.60848007689062e-13
"Rc3h2",67.6114954427625,-2.62967674961721,0.850842133905279,-3.09067527902886,0.0019970189818549,0.0435976069367039
"Olfml2a",34.3713265212667,6.02058278324118,1.56370542809933,3.85020265009833,0.000118020134302303,0.00658853534601227
"Arhgap15",39.4956706794436,4.03583072020778,1.0762669744437,3.74984164342105,0.000176946275257133,0.0088033781230819
"Gm13525",30.8988167070648,-24.4170510193429,3.00400232298908,-8.12817314836401,4.35808410255431e-16,3.71818530212671e-13
"Neb",81.3794958112615,-4.57029650662819,1.33436683681319,-3.42506751557408,0.000614646656631268,0.0204328105603308
"Gm14033",25.1864442135674,8.33507091685195,2.39282613769689,3.48335835418218,0.000495165071362979,0.0179873072880226
"Nr4a2",15.4234303296615,-7.22296127397376,1.32667849605364,-5.44439462572079,5.19818646735344e-08,6.44354859813379e-06
"Ccdc148",29.1561180599329,4.75530227484351,1.49735480218036,3.1758019327945,0.00149422934802124,0.0363099071281089
"Slc38a11",25.3466333772557,6.96256315829775,1.6638605173648,4.18458343450867,2.85689504374151e-05,0.00208939019024035
"Xirp2",57.4722011013876,-25.2691304632849,2.9207282584703,-8.65165404895263,5.07583156777658e-18,1.23740313903113e-14
"Klhl41",16.249172863988,-23.5360822524355,3.00474361290411,-7.83297521670665,4.76458257456367e-15,9.95593561687754e-13
"Gm13623",30.4362636812758,8.60957422784116,2.36547960528472,3.63967383553276,0.000272983598490681,0.012136568678186
"Rpl9-ps7",13.066172554326,-5.09278768179515,1.67536957161464,-3.03979955711322,0.0023673564663785,0.0489086483527094
"Hoxd3",21.6938627461011,22.9129838077523,3.03371154966073,7.5527891932622,4.26034274622798e-14,6.35877891317109e-12
"Gm14464",46.7054449222612,9.23559277969004,1.85609728375087,4.97581288467078,6.49743892970812e-07,7.31061840191082e-05
"Smtnl1",17.7175212382391,-23.660642316352,3.0046139408547,-7.87476953182925,3.41371529165477e-15,8.60903682259213e-13
"Olfr1042",15.5056625108533,7.6369501348992,2.39559570731924,3.18791276489855,0.00143303762964873,0.0356756906220775
"Olfr1217",17.0638024516086,-23.6111680733009,3.00467408978385,-7.8581461309168,3.8986032804992e-15,9.28124055298825e-13
"Olfr1253",25.2120065623696,-24.1426552177045,3.00418917312052,-8.03632988019428,9.25693198935165e-16,4.31038818724234e-13
"Agbl2",10.718370101756,5.89185730352467,1.81427631380849,3.24749722998732,0.00116424797402355,0.031771371485154
"Traf6",77.5803173639837,-4.08338865960469,1.13961070085536,-3.58314348622719,0.000339484001413146,0.0141815931849849
"Pax6",58.4073931879668,5.35796314021911,1.24906799114836,4.28956884508197,1.79020314937151e-05,0.00138999181427937
"Gm14014",13.9701429183563,7.48236586037308,2.44751976187092,3.05712173480204,0.00223473498323396,0.0472362263002358
"Arhgap11a",35.8369642103479,4.1862035641791,0.993693320557652,4.2127721678051,2.52255474991575e-05,0.0018635054710615
"Meis2",56.0487248157954,2.60351492467434,0.722362548121806,3.60416653859432,0.000313156219920514,0.0133972993671037
"Gm14016",22.0359901801744,8.1424044038924,2.38513571648419,3.4138117791866,0.000640608152654683,0.0208143758340483
"Ltk",41.1679532601638,9.06169650279342,1.52173373187407,5.9548502559864,2.60310063781649e-09,3.49317000269191e-07
"Gm14000",20.249508140135,6.50224195480881,2.05779319587221,3.15981312789441,0.0015787035909676,0.0376264595481634
"Fbln7",13.4108919702984,-4.24869721631802,1.33940201625317,-3.17208512811058,0.00151348634983814,0.0366519285415274
"Ebf4",21.863911897952,4.87388532878192,1.49198373844685,3.26671477924794,0.00108803239414374,0.0301985765258834
"Pak7",9.9868183912729,6.9986992480954,2.126014278063,3.29193426418184,0.000995008662303365,0.0286024595910477
"Kif16b",41.8192139207962,2.29954155477475,0.734113377490476,3.13240655365198,0.00173379609408713,0.0396873794494718
"Pax1",29.2769430095997,7.03628497259936,2.02582028448292,3.47330166772188,0.000514097165729171,0.0183855727215662
"Syndig1",25.3446605077886,8.34382985357688,2.39392061584928,3.48542462032174,0.000491356641208833,0.0179228767854404
"Zfp937",20.4941786893346,5.65146403485163,1.42500020088621,3.96593911449064,7.31075242907718e-05,0.00438255638443081
"Slc52a3",15.687314667381,6.88113319578256,1.58054060606822,4.35365796320802,1.33884543007326e-05,0.00108530587748731
"Hck",35.9800388655071,3.72383121004615,0.989497306511172,3.76335659080857,0.000167647882745445,0.00851453326707508
"Gm14230",36.0126798955043,-9.56550934586686,2.49700689951882,-3.83079011424043,0.000127732429316813,0.0068145131207439
"Rbl1",29.4422882345868,-3.6985279826281,1.04686791722868,-3.5329461546773,0.000410956162522798,0.0161154310702975
"Cd40",21.8641962866693,4.8661488435155,1.47215002515708,3.30547074711104,0.000948170011356885,0.0274148857886927
"Gm22692",20.6076411818505,-23.8345918102185,3.00441623616048,-7.93318566294202,2.1359474163536e-15,6.4020809153608e-13
"Atp9a",235.461678232164,1.36799014521732,0.412983817205198,3.31245460046104,0.000924811347049845,0.0269466445683229
"1700017J07Rik",14.9994095189964,7.58521895943774,2.42861296922928,3.12327203039062,0.00178852358420151,0.0403092980987912
"Tfap2c",18.5041508707046,7.88968191946997,2.39814816825726,3.28990594655518,0.00100220876101275,0.0286024595910477
"Pmepa1",36.6655205355112,-4.39056871472143,1.22052725652936,-3.59727215531939,0.00032157196846832,0.013673352275541
"Stx16",153.804353763318,-1.32857017461551,0.367333710625178,-3.61679349372639,0.000298275078538548,0.0129847308743552
"Fam217b",29.2048711823603,5.409515565942,1.56740012897442,3.45126650556138,0.000557962313674404,0.019339608441032
"4921531C22Rik",16.9166211293893,-4.54905594165623,1.36538620850503,-3.33169905578366,0.000863175443705818,0.0256512832556118
"Zbtb46",79.7952141918925,2.89556342681633,0.90942846279131,3.18393754460793,0.00145286355754566,0.0357761536300005
"Stmn2",14.5820390732195,-7.0661589984622,2.21974829366204,-3.18331543204152,0.00145598904744096,0.035792860162889
"Mir124-2hg",27.2109407798697,-24.2467423007334,3.004114590335,-8.07117757050326,6.96233720932793e-16,3.91685024464768e-13
"Gm43672",31.3819745414541,2.7285943302981,0.74485531322531,3.66325416742075,0.000249031212803508,0.0114187446698336
"Gm38197",20.0610069529762,7.23891775653417,1.76354043340863,4.10476426817306,4.04727371688321e-05,0.00269088512076594
"Gm37024",23.9821525837174,-24.0699930666335,3.00424124117638,-8.01200407501507,1.12854126827519e-15,4.58874192521113e-13
"Gm42695",31.3612764556305,-24.4410665852169,3.00399009251045,-8.13620079711762,4.07875121518509e-16,3.71818530212671e-13
"Platr4",27.4640897255158,-7.58136285141524,1.87313664992773,-4.04741578875612,5.17862038452268e-05,0.00327912036209581
"Gm38034",18.2916599733068,7.87145799206303,2.43531466293535,3.23221393599106,0.00122835055232791,0.0327269281036436
"Trpc4",16.6030287118044,-23.5619832773671,3.00471574109564,-7.8416680004397,4.44600579672912e-15,9.5634892336407e-13
"Vmn2r4",26.0154294757045,8.38082436582346,2.44212848622466,3.43177044659905,0.000599654898373895,0.0201676455002936
"Rapgef2",74.8922728965986,1.98225519353125,0.628140429273184,3.15575164589373,0.00160085105995391,0.0380124163213405
"Tmem154",30.7673842519295,-6.90693720479445,1.90889881415702,-3.61828356410006,0.000296563363370781,0.0129565183796115
"Crabp2",25.8269335516957,-24.1571666579842,3.00416502943495,-8.04122490651848,8.89448351754311e-16,4.31038818724234e-13
"AI849053",18.7552731744457,-23.7399059643494,3.00453875345915,-7.90134789808168,2.7590338646676e-15,7.47340524786907e-13
"Fdps",6.71166929262897,-5.57009475736885,1.5888265525821,-3.50579158456066,0.000455251545436161,0.0171181602958733
"Hormad1",15.731200858239,7.655365629295,2.40292873319194,3.18584797108234,0.00144330419658708,0.0356756906220775
"Plekho1",94.2020044125259,-2.24140370633886,0.615084959255676,-3.64405546357567,0.000268375547320593,0.0120785511712564
"Pde4dip",262.78848792222,-1.22951826122589,0.305809723268986,-4.02053357912503,5.8066471403184e-05,0.00362965075732638
"Gm42820",16.0093427757294,7.6820634819241,2.3926906457179,3.21063798852241,0.00132440664751845,0.0339861333916708
"Rpl36-ps7",16.6873722819666,-7.25617831416688,2.34719851206938,-3.091420805209,0.00199201111474804,0.0435532833713298
"Gm43465",16.194661405651,7.70802722772266,1.79722707014368,4.28884438464776,1.79605149995761e-05,0.00138999181427937
"Gm42939",131.082687025248,6.41409197650333,1.67775910034295,3.82301128641902,0.000131831742752944,0.00696138231497222
"Gm43061",19.101319009351,7.93356441063167,2.46608663306935,3.21706638535944,0.00129508628529777,0.0334667704189069
"Gnai3",440.439568231133,1.12835044737851,0.284951156118983,3.95980301588024,7.50116112168218e-05,0.00447834627456511
"Myoz2",13.8198550752181,-23.3223853190725,3.0050185751066,-7.76114514308624,8.41659263525596e-15,1.38325281433583e-12
"Gm42515",15.0682402516313,-23.4419422517442,3.00487284606375,-7.8013092242662,6.12681763560963e-15,1.08492370098209e-12
"Gm43355",19.6039331390208,5.3870410537342,1.53544965386755,3.50844525586698,0.000450733987740381,0.0170358812368955
"Gm43652",20.5706302995388,6.51063637769217,1.88558730959436,3.45284270028991,0.000554712368560674,0.019272631389399
"Gm9397",16.0682704575293,7.68764820810464,2.38822171106135,3.21898430639765,0.00128645525741563,0.0334667704189069
"Gm43522",19.9859701574786,-23.8230254046919,3.00445471623588,-7.92923430529799,2.2050117633223e-15,6.45054141242306e-13
"Lef1",69.3257174002102,6.33322468121241,1.55289577725547,4.07833209026139,4.53599441533448e-05,0.00292281895652411
"Gm43445",21.3382256519027,22.8899750396992,3.0337415803598,7.54513014156746,4.51836063916723e-14,6.41651078340767e-12
"Gm43362",54.7668574435415,3.83442506826899,1.08209953573769,3.54350495645947,0.000394845888628054,0.0156940511221808
"Gm11827",26.6579407695664,4.07789554678985,1.33140692882649,3.06284687160531,0.0021924221754183,0.0465332460935758
"Mmp16",33.869537132449,6.42979151072536,1.67038907732661,3.84927775091535,0.000118466616421731,0.00658853534601227
"Prdx6-ps2",14.912400993348,-23.4032444259818,3.00489062469989,-7.7883847863245,6.78712204122828e-15,1.15436318717495e-12
"Casp8ap2",25.7505456209201,-4.00265781848184,1.3112431003432,-3.05256730611905,0.00226892841944532,0.0475919959614871
"Fancg",41.5488192109682,4.44345204045229,1.06589997360466,4.16873266768685,3.06297987705797e-05,0.00220700525427226
"Atp8b5",16.5554733918943,5.87309021623187,1.56528714139128,3.75208488010172,0.00017537006445403,0.00875473697190818
"Car9",18.296324818517,6.87280006241537,2.14522327140814,3.2037691153257,0.00135641205732302,0.0344993165125065
"Glipr2",37.766655244915,3.30563437700168,0.955947609113828,3.45796604906626,0.000544269968175431,0.0190000878866397
"Nr4a3",26.8913086058791,-7.76203141572175,2.08562547716872,-3.72168037871252,0.000197901421568283,0.00961695712052917
"Zfp462",51.940288736411,-7.71556941414899,2.0964366579915,-3.68032555848405,0.000232936366499303,0.0107821526353965
"Gm12519",21.3382256519027,22.8899750396992,3.0337415803598,7.54513014156746,4.51836063916723e-14,6.41651078340767e-12
"Susd1",52.2948834672824,3.06325538864117,0.74005886875811,4.13920502538076,3.48511388323419e-05,0.00243907946268261
"Tnfsf8",22.4785826733806,-7.68510596789536,2.40402193505984,-3.19677031886319,0.00138975539082961,0.0350481932787323
"Gm11228",15.0657112384891,-23.4417312976735,3.00487313013276,-7.80123828277497,6.13026341169293e-15,1.08492370098209e-12
"Acer2",112.787851875081,3.56687825586111,0.916338663140728,3.89253274944847,9.92031029281858e-05,0.00571277081311249
"Hacd4",26.4526637289885,4.78263620562373,1.4973308584948,3.19410782092042,0.00140263719750431,0.035251502212879
"Ube2u",24.4681085484516,4.75832032979181,1.37129176383981,3.46995472099083,0.00052054610995643,0.0185256154509311
"Gm12715",11.9887768673804,-6.78691072592082,2.1089578325696,-3.21813486315726,0.00129027135052078,0.0334667704189069
"Dmrtb1",16.2743197221018,7.70412192000905,2.40617106860452,3.20181803385954,0.00136563234161081,0.0344993165125065
"Scp2",6711.01959172749,0.573074859425949,0.167435391265875,3.42266264672771,0.000620109862820977,0.0205676801893026
"Foxd2os",38.4171906826572,3.37594367434656,1.01594742393045,3.32295116344295,0.000890705067171804,0.026213969854169
"Gm12838",26.2428922367103,8.40434676270031,1.76369131365755,4.76520278668911,1.88663807355045e-06,0.000190316242081535
"Rad54l",34.2597604791012,4.06190127831682,1.07057924333514,3.79411547870375,0.000148170707229302,0.00774033190943927
"Gm22335",27.845222001733,6.9110652538021,1.51394453276325,4.56493953658132,4.99638323739244e-06,0.00045676311008337
"Mpl",40.7524292286404,4.81653141413259,1.3893444218693,3.46676557541589,0.000526761077965905,0.0185661067166441
"Ermap",18.5262734570259,6.69890387860516,2.11886354231614,3.16155511896842,0.00156929115534645,0.0375679570036867
"Oscp1",22.8480163587818,5.3955642623586,1.73213017781723,3.11498773675192,0.00183952557469607,0.0410789932535563
"Fabp3",37.1098069192416,-24.6214942250278,2.4429017164055,-10.078790341699,6.85650104419757e-24,3.34300135911593e-20
"Gm28874",12.5317386290857,-6.91048928651592,1.39369291600304,-4.95840167311352,7.10754953816951e-07,7.93604023624469e-05
"Stmn1",53.035269869227,3.78372995814838,0.90990868701132,4.15836227542392,3.20537395114337e-05,0.00227597110598903
"Myom3",15.7825806403755,-5.92158649842415,1.667203070032,-3.55180877774564,0.000382592795635314,0.0153741341257081
"Pla2g2d",13.4587693308849,6.02761589499271,1.54613686457368,3.89850085920738,9.6790057456481e-05,0.00564043095783246
"Fhad1",34.0761846200515,-2.49235548773099,0.784894142689696,-3.17540334699164,0.00149628358696127,0.0363099071281089
"Anp32b-ps1",25.5202678806019,6.22099930107852,1.89663212826167,3.28002421153767,0.00103798178475168,0.0293616702213043
"Gm572",50.9214499150961,9.35638816850928,2.08264891617269,4.49254221191714,7.03779629109632e-06,0.000620131604517264
"Ankrd65",32.8985939289457,-23.5742420362095,3.00395161079982,-7.84774360261175,4.23589085902632e-15,9.28124055298825e-13
"Gm43519",19.0154647278299,7.92802153737745,2.42885430512712,3.2640992589148,0.00109812686908246,0.0304149516777543
"Atg9b",54.8832344722257,9.63531439297668,1.97545120451468,4.87752588925316,1.07424752175317e-06,0.000115536900740321
"Prkag2os1",23.658663520292,3.45268790485755,1.07823498177166,3.20216646948738,0.0013639815003627,0.0344993165125065
"Gm26051",23.9796235705752,-24.0697188799385,3.0042413534408,-8.01191250908358,1.12938202849252e-15,4.58874192521113e-13
"4930478M09Rik",35.2176367068198,-24.5711323607568,3.00390075284052,-8.17974173664762,2.84452875231073e-16,3.28074529513365e-13
"Gm2810",26.4807885061664,4.41672005415218,1.17209266974616,3.7682345160547,0.000164406211885774,0.00843067508242113
"Gm16014",23.3043769497237,8.23078560759162,1.84400069566467,4.46354799482591,8.06135308323673e-06,0.000689552114318734
"D5Ertd615e",28.2328879440327,-8.01851130898639,2.30341081425717,-3.48114685376793,0.000499271672860953,0.0179873072880226
"Gm43318",17.8328826904565,-23.6646402738771,3.00460937066944,-7.8761121178972,3.37725210422784e-15,8.60903682259213e-13
"Gm43628",28.286641509,-24.2995543203508,3.00407881867567,-8.08885378415707,6.02288202936972e-16,3.83029110624308e-13
"Ugdh",573.828343426318,0.871245203366655,0.236205193776087,3.68850993256549,0.000225571221794804,0.0106091005183042
"Gm43769",16.550498899229,7.7287274968648,2.39979853908523,3.22057346522549,0.00127934398127963,0.0334667704189069
"Commd8",119.5082096316,2.2569515509102,0.73038105509456,3.09010144111418,0.00200088144706261,0.0436168299943143
"Gm43417",28.2223296265379,8.49966602687942,2.38578133545249,3.56263413606904,0.000367152202532108,0.0150852114225763
"Tmprss11c",22.0494998402995,22.9261177786774,3.03368249441721,7.55719091265077,4.11867236435224e-14,6.21070316220415e-12
"Pf4",48.8280575527371,2.54277741480749,0.82386561475279,3.08639827815909,0.00202597252980773,0.0439672109695811
"Cops4",125.746737928496,-2.01724309725268,0.613516492259648,-3.28800141920057,0.00100901330835833,0.0286810963941941
"Slc10a6",15.2892138789187,6.38719724966338,1.55242298459531,4.11434081628751,3.88287396368261e-05,0.00260526593884337
"Rpap2",149.615918478968,2.87198641523939,0.935855971289106,3.06883377714985,0.00214896123131102,0.045785857492559
"Chek2",78.7403372991121,4.45470234239905,0.930345731380829,4.78822247702188,1.68265051189402e-06,0.000172871174690164
"Cryba4",19.5338815902176,5.81945398881473,1.81293837386527,3.20995687040777,0.00132754889960692,0.0340071064002635
"Bicdl1",22.3765772262777,-6.3839082174236,1.45179604515609,-4.39724866225079,1.09631720972758e-05,0.000900889428465468
"Gm3970",21.3135511669674,8.09216847016815,2.47424440469511,3.27056149134358,0.00107334204070764,0.0299043314846298
"Myl2",63.696054949612,-9.21990058323517,1.89451161634212,-4.86663713418488,1.13513167988601e-06,0.000121193949501406
"Ccdc63",19.5252984974365,7.20118842097837,1.70255912029511,4.22962605828933,2.34080082675308e-05,0.00173801490826991
"P2rx4",254.820494678218,1.19598740088257,0.303919562815149,3.93521032277215,8.31238695606847e-05,0.00491400394628152
"Rilpl2",87.3335380862612,2.77041021864255,0.818533043363749,3.38460400725864,0.000712810079736971,0.0225676905547893
"Tmem132c",15.2812328790093,7.61445052866438,2.4038186667778,3.16764764077283,0.00153677656223948,0.0370320111628944
"Gm43474",30.5267141877426,-7.43748463177694,1.58454760904169,-4.69375901950654,2.68229986233104e-06,0.000259827815141167
"Adgrd1",31.4350041874723,-3.67951303417284,1.00804649245655,-3.65014219255512,0.000262095177868406,0.0118968965460296
"Gm42986",35.9732288755761,-24.6278881154754,3.00388548607721,-8.19867742283249,2.43046148750833e-16,3.23185092525313e-13
"Gm42885",16.9940418600632,-7.29052054124896,2.17475976562402,-3.35233374117395,0.000801333555298277,0.0243713620912949
"Limk1",28.550853116439,2.599381467825,0.818073037094115,3.177444250037,0.00148579252335991,0.0362816147565699
"Ssc4d",43.5120450774091,4.52051104056131,1.09459436980211,4.12985044074232,3.62999297796868e-05,0.00250452392871452
"Orai2",42.268247561439,5.02845019898684,1.60267057141473,3.13754447649716,0.0017036942396655,0.0395554534025195
"Actl6b",12.5719449628805,-6.62633469017763,2.13134358740044,-3.10899412433996,0.0018772545152354,0.041730397863751
"Zfp113",59.9649272425758,2.31300913485946,0.735752009277016,3.14373471726205,0.00166806582368554,0.039113640473981
"Micall2",34.1241955709264,4.49620929947966,1.03604308302467,4.33978989208943,1.42619011654836e-05,0.00114620235355785
"Gm2314",26.4169176543875,7.74072589560897,2.1979824177664,3.52174149940432,0.000428721973585392,0.0165459533182943
"Plut",18.2095070615987,7.86521537519371,2.42374199049899,3.24507121881173,0.00117421252656602,0.0319836250020133
"Gm15411",26.183040219952,7.94394734038271,1.71517285162017,4.63157245806378,3.62898948497406e-06,0.000335957146814655
"Asns",55.4031767288671,-9.02381439527275,1.77756047345039,-5.07651611860878,3.84418201230404e-07,4.46260716618819e-05
"Gpr85",16.1559371027098,-7.22105916120229,2.12723127799793,-3.39458113270998,0.000687336710718141,0.0220211557067218
"Snd1",191.561978643599,-1.34131144147433,0.401525596002391,-3.34053782580363,0.000836162895586727,0.0251140753054354
"Gm13859",21.5151961692334,22.9015131913203,3.033726512239,7.54897091050511,4.38710838015831e-14,6.41651078340767e-12
"Cyren",44.9542118573223,-4.65178747792265,1.40499912569597,-3.31088282750239,0.000930021422679855,0.0270445792237341
"Gm15697",43.7686330207462,9.13252090732176,2.43956714600778,3.74350053134083,0.000181474218521585,0.00899804540445838
"Dennd2a",34.8003983368592,3.47377960124456,1.07197207827033,3.24055045057669,0.00119299159592537,0.0321609341892508
"8030453O22Rik",20.4824820110593,-6.54617994002855,1.82726197694766,-3.58250761117658,0.000340311698087761,0.0141815931849849
"Trbv13-1",299.114262862995,-9.93844435877091,2.98390376490753,-3.33068528404062,0.00086632487374528,0.0256512832556118
"Trbc2",317.90452230751,-7.71186882526016,1.52286551551418,-5.06405112381598,4.10439501834958e-07,4.72716424672436e-05
"Trpv5",26.96390403391,21.4629443952492,2.8352065147195,7.57015204494639,3.72787651716409e-14,5.92691845832164e-12
"Olfr446",28.9015684983261,-24.3289472659146,3.00405956521776,-8.09869003517946,5.55541306515226e-16,3.83029110624308e-13
"Gimap1os",44.5400826867388,6.2509329565158,1.20550257998631,5.18533353664558,2.15628611438604e-07,2.60661132191113e-05
"Igf2bp3",60.1560290705239,9.13845703049564,2.22001099854501,4.11640169192178,3.84833363424146e-05,0.00259398968055529
"Mpp6",237.783278006111,0.983880406221998,0.321891879929836,3.05655553174084,0.00223896002997248,0.0472544868283345
"Pde1c",12.0279233217664,4.80871564206564,1.53590496790322,3.13086795248171,0.00174290509034825,0.0398335511820685
"Pyurf",83.2612870691674,-3.28762500696795,0.854026536431137,-3.84955837637844,0.000118330980375751,0.00658853534601227
"Il12rb2",17.6266618847288,-7.33623167187651,2.32623312711032,-3.15369581250427,0.00161217032230276,0.038157306317674
"Igkv4-60",18.2749124473339,7.86917195800368,2.50942472985989,3.1358469789381,0.00171358588095089,0.0396592099377669
"Vamp8",406.765352150732,0.537713402468592,0.1671520965315,3.21691090705081,0.00129578830550471,0.0334667704189069
"Dnah6",13.1304325310334,7.39868712832253,2.05899899928373,3.59334177962025,0.000326463916167385,0.0138372265107023
"Clec4f",553.223291581457,1.00721488102777,0.144647247226069,6.96324956294261,3.3251200951832e-12,4.63205063164235e-10
"Gm10443",44.3124349148585,2.51002090298791,0.735535083357378,3.41251010289111,0.000643675409926164,0.0208297350021903
"Efcc1",44.5237422052786,3.64725983484966,0.827477380981766,4.40768523548323,1.04481234774738e-05,0.00086832217105119
"Gm44168",23.9182069558682,8.26058563523603,2.4436221280817,3.3804676837334,0.000723625839986725,0.0228113688825126
"Gm44001",26.4418605410218,-23.6123231289295,3.00414235232503,-7.85992152158001,3.8437420358892e-15,9.28124055298825e-13
"Gm7825",14.6699623151228,7.55476137003685,2.40632602759463,3.13954189224667,0.00169212218677897,0.0393492388330937
"4933431M02Rik",24.9045430677066,-24.1142991484779,3.00420164820156,-8.02685770541195,1.00000959105586e-15,4.31038818724234e-13
"Camk1",122.391084039574,1.16347751801767,0.340864411359224,3.41331473525856,0.000641777774058642,0.0208143758340483
"Il17re",12.1415625800567,4.82884999124805,1.53721918963714,3.14128916930051,0.00168205864862865,0.0392129437693766
"Fancd2os",15.0539871241767,7.59003846782299,2.42911981130242,3.12460440712204,0.00178044324428567,0.040251226173364
"Clec4a3",40.8391134435665,5.64093350628794,1.02214056079819,5.51874538848445,3.41428456486074e-08,4.30523623536363e-06
"P3h3",57.4198322370341,2.83089686182431,0.745450991417544,3.79756267604004,0.000146125835733663,0.00768842661610178
"Dyrk4",11.1602262336485,6.39163726997611,2.02224662526581,3.16066160779771,0.00157411255726715,0.0376218045345533
"Gm19065",22.8082780600175,8.20334004619831,1.732162544914,4.73589506382359,2.18090417351021e-06,0.000218207443199112
"Gm8703",26.4845560946437,8.40939263371936,2.37169441577852,3.54573193653152,0.000391524268048177,0.0156899327910704
"Foxm1",15.6609480182054,-6.25341796232433,1.86891804868885,-3.34600972295786,0.000819835208789278,0.0248275975133763
"Gm44067",22.5832231819145,6.11193488375376,1.65450611910043,3.694114402597,0.00022065444992924,0.0104731653740652
"Klra7",26.8893723138829,-7.94887036091941,2.2828962533793,-3.48192360872858,0.000497825688832433,0.0179873072880226
"Hmgb1l",30.5640922960671,8.61348847625599,2.45651370117814,3.50638731309537,0.000454233726248199,0.0171181602958733
"Rpl36a-ps3",11.2235089883966,4.76665491942368,1.47024249055906,3.24208758081204,0.00118657551440746,0.0320972027255415
"Pde6h",20.907517637087,-23.8879296358669,3.00439822430664,-7.95098647130234,1.85032154663617e-15,5.88362027448853e-13
"E330012B07Rik",15.9956887619048,-23.5113358298274,3.00477434151734,-7.82465941118052,5.09033135447886e-15,1.01994899619126e-12
"3010003L21Rik",16.1979785210734,5.24754966720256,1.51346794781435,3.46723541438768,0.00052584113853246,0.0185661067166441
"Gm10388",35.3953332576132,-8.35125654973644,2.17338436154543,-3.84251248766607,0.000121781215802363,0.00664661881918343
"Gm5340",12.9253510999824,-6.19808074398025,1.91679493879733,-3.2335648527271,0.00122255575123271,0.0326319762286147
"Tmc4",81.8410074865267,3.19475094943542,0.881605331521908,3.62378814556435,0.00029031943440769,0.0127906697803653
"Atp6v0c-ps1",13.8255273445868,-6.98872924328119,2.23565775447659,-3.12602822560262,0.00177184544768132,0.0401188596954098
"Tnni3",28.9367529881924,5.08338296336097,1.40662212510268,3.61389379040935,0.000301632662839715,0.0130531981046051
"Gm44862",28.5208072434031,8.51517661819965,2.37656351143189,3.58297877470534,0.00033969821980101,0.0141815931849849
"Gm34779",18.1403461851196,-23.6947052331907,3.00458503293072,-7.88618227591932,3.11571423779656e-15,8.13813431361613e-13
"Vmn1r88",14.5676112020084,7.54485237334813,2.40648411958317,3.13521801866492,0.00171726434344154,0.0396815569534271
"Obox3",13.5052989619492,7.43356502360033,2.4325721009391,3.05584571192385,0.00224426709449056,0.0472544868283345
"Gng8",26.4701772051441,4.14958621311859,1.05451450718331,3.93506792448258,8.3173169949357e-05,0.00491400394628152
"Gm44655",27.8424822593969,8.4794437189404,2.40294994869304,3.5287641856845,0.000417504985611873,0.0162416101716619
"Ckm",83.2837589014176,-9.5962785435858,2.04599319616834,-4.69027881498206,2.72833017333251e-06,0.000262547930561412
"Gm45167",15.0657112384891,-23.4417312976735,3.00487313013276,-7.80123828277497,6.13026341169293e-15,1.08492370098209e-12
"Plaur",29.1987677771701,-6.68528328218438,1.40191582324653,-4.76867667182951,1.85440005223948e-06,0.000188363260861854
"Atp1a3",14.6234176187191,6.78133702596678,1.93785864516744,3.49939715307813,0.00046631145698098,0.0173271477787878
"Gm30146",26.3154224979592,8.39901475217947,2.37598410786979,3.53496251273738,0.000407833012235636,0.0160359501880931
"AC074312.1",28.9820435242636,8.53697690174197,2.43730254985686,3.50263322961007,0.000460683329431665,0.0171898343357066
"4932431P20Rik",21.0974199221774,8.07743339637595,2.46339619505275,3.2789826551644,0.00104182039002235,0.0293616702213043
"Zfp536",35.7172637467627,4.96343428483189,1.59923577964074,3.10362883823603,0.0019116298224634,0.0424300598075451
"Gm6872",45.0199697183542,9.1845490213365,1.77573533617912,5.17225108618891,2.31290497092483e-07,2.77302139423913e-05
"Gm44997",8.6081666377918,-5.73641168645618,1.88331136707538,-3.04591783745474,0.00231971214977024,0.048196632975411
"Mybpc2",15.3720402739549,-23.4746040634367,3.00483288372985,-7.81228273643559,5.61614005080001e-15,1.08492370098209e-12
"Tead2",38.9602612486271,-5.49555296378498,1.2257275345042,-4.48350290671076,7.34276020130981e-06,0.000639300913479515
"Hrc",16.9413272897354,-23.6046443724938,3.00467970604612,-7.85596026258494,3.96720844529532e-15,9.28124055298825e-13
"Bcat2",230.062712892803,-1.53706028644211,0.500076822204562,-3.07364832400363,0.00211458541837483,0.0454853542861304
"Syngr4",18.2753364370333,-7.38953566247407,2.30079176984959,-3.21173595946805,0.00131935574277346,0.0339160218796967
"Ldhc",16.1758608601701,-7.21858323683373,2.18500666917174,-3.30368933819779,0.000954215094175986,0.0275291995710299
"Ano5",23.6613297312259,-7.77586300048012,2.0504448632235,-3.79228095324431,0.000149269899151638,0.00777000289996801
"Gm19187",16.9670100377611,7.76354874021278,2.4195178671382,3.20871725960656,0.00133328534519914,0.0340943439584401
"Gm9377",31.4015546074704,8.65329549034798,2.3997800383433,3.60587026814417,0.000311108542400514,0.0133840724990951
"9330162G02Rik",49.7117803035274,4.58763862391736,1.32262600598744,3.4685834114477,0.000523210078696255,0.0185302513827848
"Gm44669",23.1001608456623,6.18369532094321,1.98678900599117,3.11240665329647,0.00185568689066585,0.041313747564337
"Gm29295",15.9610254235442,-7.19749191500238,2.21927719717533,-3.24316940856386,0.00118207902668213,0.0320972027255415
"Kif7",23.5251562084907,-6.04152050134294,1.8446472608475,-3.27516302415847,0.00105601014851109,0.0295905372457312
"Ankrd42",40.635692123293,4.4195293911096,1.14150985419251,3.87165242146413,0.000108100026644437,0.006152447819954
"Folr1",42.9505577276605,9.1057905947273,2.3986152646441,3.79626975986846,0.000146889657156352,0.00770091403306795
"Art1",10.9951026846525,-6.68585767624573,1.97007308731398,-3.39371047668151,0.000689525488048032,0.0220211557067218
"Olfr642",21.5216016220323,-23.9136405680922,3.00436328929258,-7.95963679003779,1.72545021850057e-15,5.60848007689062e-13
"Ubqln3",28.5932619992824,-24.3146970999827,3.00406911384304,-8.09392067177757,5.77743228698781e-16,3.83029110624308e-13
"Olfr482",34.2826011571197,-24.5623326330699,3.00392057024944,-8.17675835917,2.91581929559974e-16,3.28074529513365e-13
"Gm27040",31.5120436413267,-8.16658611605493,2.61522858119501,-3.12270452180637,0.00179197552545222,0.0403249630935225
"Nfatc2ip",26.3737225152867,-4.09264065788057,1.28782279035421,-3.17795327783794,0.00148318649682157,0.0362785432926574
"Cdiptos",13.5656883208098,-5.20630572365214,1.68940396473778,-3.08174115387508,0.00205793705700145,0.0443974119952215
"Mylpf",137.861487520821,-8.321772580486,1.70411191498885,-4.88334862710026,1.04299224879576e-06,0.000113006278689893
"Smt3h2-ps2",21.0022569600626,8.07021524917532,2.52532548634593,3.19571290624111,0.00139485829148717,0.0351163377445488
"Gm45204",14.2292955289662,7.51078074695588,2.42715773177639,3.09447575187414,0.00197161050347344,0.0431717766980629
"Cox6a2",51.0526414489894,-8.43795725183417,2.3934183678017,-3.52548362014295,0.000422710317024537,0.0164004875520369
"Gm4974",26.7493240356848,-24.2235677449653,3.00413082358237,-8.06341972686767,7.4189252285134e-16,4.01913404879502e-13
"Zfp941",26.9062688164189,4.92359795735833,1.51150751901327,3.25740884211579,0.0011243436467961,0.0309713267828373
"Cox8b",32.412699879541,-7.53676817574664,1.6880014437485,-4.46490623788209,8.01038239223489e-06,0.000689222725007175
"Dusp8",15.2532549049307,-7.13668307729112,2.11791740067672,-3.36967016513997,0.000752582077198112,0.0234673740949209
"Tnnt3",342.933638244632,-11.0243022074749,1.81541597460515,-6.07260394404797,1.25852582763923e-09,1.70448678526658e-07
"H19",41.7356016873549,-5.62076483200627,1.74910904361393,-3.21350166962312,0.00131127035643082,0.0337675202526648
"Gm5605",18.6668234982602,6.90024644505595,2.05346969669456,3.36028647326191,0.000778616914357089,0.0240270666799602
"Cdc16",119.105155674936,2.49913029313399,0.816946251574755,3.05911225899702,0.00221993947642867,0.0469913961240551
"Defa-ps5",14.6049374986849,-23.297018706328,3.00492678979892,-7.75294053266669,8.97886729578556e-15,1.4592654659495e-12
"Gm45413",20.7542073919458,-23.8763290842471,3.00440726338634,-7.94710137178122,1.90926173183773e-15,5.94186624501925e-13
"Nrg1",18.3113498243455,4.69203484632068,1.49218288225853,3.14441004658822,0.00166422066948118,0.039113640473981
"Gm16675",22.2297467578783,5.11438819464186,1.5775667383803,3.2419472788155,0.00118715981913707,0.0320972027255415
"Dctd",26.9345781403967,5.9266258630192,1.58501791108995,3.7391538742573,0.000184640685986735,0.00912411930381073
"Mef2b",13.8859221065339,5.64059850352615,1.74792075231974,3.22703331718002,0.00125080894984069,0.0331441712125359
"Gm45694",15.0579147615538,7.59645427830327,1.85394478303354,4.09745443759845,4.17718353017007e-05,0.0027398952240268
"1700122E12Rik",34.6777189213315,8.79744089051247,2.3765197035863,3.70181693727876,0.000214061046523784,0.0102757435555664
"Mast1",29.7788503119419,5.93840051132318,1.27999735643243,4.63938498113348,3.49447555048877e-06,0.000325564929152861
"Hook2",202.198319759592,1.91731025213802,0.440459307832363,4.35297930601965,1.34299831698368e-05,0.00108530587748731
"Ccl22",39.2387640878986,-7.22460704869142,1.59623378046554,-4.52603317703525,6.01011486417756e-06,0.0005360362812093
"Coq9",233.41099779034,-0.908374664444396,0.268142970203281,-3.38765049016856,0.000704940325120772,0.0224155698598729
"Nae1",99.117456829855,0.869201414875543,0.280269159441685,3.10130952905076,0.00192666778317279,0.0425837385124041
"Gm8798",25.7936733682352,3.12465670037253,0.757845499160656,4.12307878562743,3.73841759614368e-05,0.00254334112459505
"Gm3830",11.7010381614101,6.45797349573149,2.1182605758438,3.04871533246517,0.00229822141671713,0.0479544717008865
"Tppp3",19.7251474923368,-5.7510356560973,1.617065075384,-3.55646519341939,0.000375878254038067,0.0153019519952191
"Tsnaxip1",39.5051077419288,7.80365469768402,2.27398059304841,3.43171560986048,0.000599776153184365,0.0201676455002936
"1110028F18Rik",21.0186675601096,8.07061909183317,2.60455825688991,3.09865178499415,0.00194403360631326,0.0427599692624723
"Sntb2",64.9777344708178,2.81979160425712,0.763252763619869,3.69444008415211,0.000220371847268353,0.0104731653740652
"Gm15894",15.6177820683267,-7.16590081749733,2.22007229288709,-3.22777814058408,0.00124755691097037,0.0331179944405874
"Ctrb1",38.7688546406352,8.19478693266184,1.8011772245495,4.54968385174396,5.3726574528474e-06,0.000482121843943552
"1700018P08Rik",16.5672756615428,7.73384385486667,2.08305142486267,3.71274744471397,0.000205021450626471,0.00992996277587214
"Cdyl2",12.8765129169125,6.6008857409882,2.11077508047677,3.12723312021347,0.00176459946735006,0.0400788764113808
"6430548M08Rik",29.360835043513,-5.23542779433615,1.04785345686443,-4.99633585215485,5.84298654874097e-07,6.62522203476234e-05
"Gm26537",22.1373716157392,-23.9589476911131,3.00433022007058,-7.97480501013308,1.52621583996365e-15,5.31522835503531e-13
"BC048644",37.0691062573142,-4.04840822859407,1.29453638824474,-3.12730353921012,0.00176417682623517,0.0400788764113808
"Mmp20",19.1845667188503,7.94119898274819,2.41338860007832,3.29047671083326,0.0010001778070959,0.0286024595910477
"Panx1",33.259834866561,-6.05112935820259,1.87894068127228,-3.22050047588795,0.00127966980226585,0.0334667704189069
"Zfp558",19.3487190963336,7.95178364860782,2.50427195655673,3.17528758319891,0.00149688069995554,0.0363099071281089
"Olfr24",23.0597620997283,-24.023474365092,3.00428392320683,-7.99640612510713,1.28103357309618e-15,4.68441951841944e-13
"Angptl6",93.2264484495226,3.28802312188035,0.808822217774549,4.06519881578828,4.79915335090538e-05,0.00306538061413506
"Gm39302",19.9289224566141,7.99582236201887,2.43198662084501,3.28777399245752,0.00100982871696246,0.0286810963941941
"Adamts15",40.2932421900113,5.58868502239133,1.46140002515048,3.82419934734561,0.000131197733403347,0.00695300451627085
"Gm37474",68.8258346799608,4.509521741537,1.22519591713755,3.68065358238597,0.000232636886174781,0.0107821526353965
"Gm37192",12.5963694775572,7.3337431930033,2.20052997176302,3.33271679418556,0.000860024372541365,0.025620318731492
"Fez1",25.9619238036094,-7.8980832022601,2.28382606844022,-3.45826825930498,0.000543659760243026,0.0190000878866397
"Bsx",15.37064572001,-23.4363187836711,3.00483950395106,-7.79952431830543,6.21409645498103e-15,1.08492370098209e-12
"D630033O11Rik",35.5998150739359,4.76306047250167,1.50262662716795,3.16982301949405,0.00152531812097333,0.0368388333439554
"Jaml",14.0575308370626,-6.31863843549973,1.85330580084108,-3.40938793405392,0.00065108821961598,0.0209768004148082
"Gm47964",55.1849023482281,9.47128130556576,2.14596334043818,4.41353359914892,1.0169692638442e-05,0.00085001196698566
"Gm7286",21.2795251533198,8.09387176093495,2.36694949432315,3.41953716390955,0.000627277634161282,0.020636262094979
"Gm1715",16.177499790015,7.696362485454,2.41511128325442,3.18675273426033,0.0014387972169822,0.0356756906220775
"Hykk",366.699765747567,1.09189383603339,0.158122268204712,6.90537675958315,5.00703606317387e-12,6.90923740528719e-10
"AY074887",15.07100628393,6.38604208172951,1.85775855915332,3.43749840379687,0.000587114179928578,0.0199714397902682
"Senp8",30.5591217897757,-5.05673106861748,1.35553771511776,-3.73042447452536,0.000191157441026698,0.00935137086922247
"Myo9a",48.9764217456643,2.20895911019602,0.694580439756683,3.18027831444524,0.00147133667135501,0.0360489807234669
"Zwilch",23.2968139398932,-4.84955537977964,1.41398548989712,-3.42970660903491,0.00060423421399658,0.0202245625815286
"Csnk1g1",69.0025878206074,3.03209879317033,0.977967121271789,3.1004097450917,0.00193253099990033,0.0426351899480273
"4930509E16Rik",23.5423122968986,-7.07229048827855,1.99694386166884,-3.54155698817105,0.000397772923242469,0.0157350392835705
"Gclc",882.119675718289,1.25973180724793,0.302727084373326,4.16127882926529,3.16470401681804e-05,0.0022580549099511
"Gsta1",22.4474755084203,4.35027756276986,1.13562949245398,3.83071907842878,0.000127769314416978,0.0068145131207439
"4933431K14Rik",18.7150796788035,-4.00409227023389,1.27927467418605,-3.12997071780657,0.00174823728967995,0.0398930839877514
"Minar1",22.0494998402995,22.9261177786774,3.03368249441721,7.55719091265077,4.11867236435224e-14,6.21070316220415e-12
"Trpc1",20.516873067864,6.52462572278226,2.11462230791242,3.08548041811942,0.00203223605422791,0.0440378026150987
"Tmem108",25.5028245880568,6.68931909982022,2.06601900539606,3.23778197700454,0.00120462829932067,0.0322122452178491
"Zmynd10",12.5418866498609,5.35142178249075,1.54517933026603,3.46330142894767,0.000533590275100661,0.0187166066040704
"Rps2-ps11",52.5317873735923,5.26460115644705,1.71440372844919,3.07080594208068,0.00213481850860701,0.045785857492559
"Elp6",59.6732567620829,3.18884981110967,1.03917890254643,3.06862447197074,0.0021504672248163,0.045785857492559
"Myl3",23.1894356128026,-7.73304251874299,2.43971713058771,-3.16964717826946,0.00152624140332515,0.0368388333439554
"Gadl1",29.8231159779345,-24.3715569978579,3.00403219984396,-8.11294799007942,4.94062217324315e-16,3.80349897515934e-13
"Ulk4",28.9611660085208,8.54475670535026,1.86050238470747,4.5927147288735,4.37516951502095e-06,0.000402488078592525
"Xcr1",36.8040024790015,6.45621701894356,1.57731411517292,4.09317139613358,4.25512947751096e-05,0.00277856155658718
"Plekhg1",39.6714771749747,3.14376647794761,0.883071553201549,3.56003595240949,0.000370804024353542,0.0151925783311464
"Fbxo5",50.8863827250973,4.50415046957556,1.12491260044985,4.00400037102827,6.22802665845571e-05,0.00386005703106914
"Lrp11",22.194376343549,5.72126813468968,1.59830617117474,3.57958208375344,0.000344144138651407,0.0143005577160629
"Txlnb",16.7163197919276,-7.29059442515653,1.93553952935507,-3.7666988013341,0.000165420369771988,0.00843067508242113
"Gm7584",19.6776636584348,-23.8036509073393,3.00447477837167,-7.9227328113036,2.32346499737664e-15,6.6637887287506e-13
"Gm33104",14.8100992789932,7.56620638120518,2.44143332396804,3.09908376646055,0.00194120127359554,0.0427599692624723
"Samd3",15.3491212088916,5.77485646791675,1.64442568162961,3.51177711004485,0.000445121141940202,0.0169088308852674
"Echdc1",14.7916544935043,-5.47573854239348,1.58847292634962,-3.44717146358734,0.000566488930873379,0.0195425320563324
"Trdn",16.7890831970751,-23.5944022525155,3.00469334197563,-7.85251590333734,4.07773159538215e-15,9.28124055298825e-13
"Nr2e1",23.0597620997283,-24.023474365092,3.00428392320683,-7.99640612510713,1.28103357309618e-15,4.68441951841944e-13
"Sobp",39.4850430948418,6.20948097122017,1.25598316809608,4.94392053090407,7.65669253824382e-07,8.48442740582517e-05
"Gm27731",16.7588679700877,-23.5858535937456,3.00470139695534,-7.84964975809082,4.1720072510504e-15,9.28124055298825e-13
"Slc29a3",52.2417270702039,2.99534397170742,0.818646592145249,3.65889750283841,0.000253302615872797,0.0115422347737427
"Gm47078",22.2386143046744,-7.6730398201499,2.31251316785753,-3.31805237989573,0.000906474837894332,0.0265660686163582
"Zwint",123.157296685493,-1.79651459775277,0.579098272150322,-3.10226205835826,0.00192047866699763,0.0425618810032944
"Gm40692",25.9895168450248,-23.7212119483674,3.0041584686254,-7.89612538622886,2.87707262175426e-15,7.6514438615272e-13
"Ggt1",32.5188530976945,6.28273059529509,1.6132256402474,3.89451446750598,9.83956194037686e-05,0.005688666897308
"Lss",216.608220281888,-1.61227598401349,0.482793852519463,-3.33947082300203,0.000839381679310205,0.0251590898017835
"Shc2",23.305826354855,-6.68927533995056,1.39728440203293,-4.78733987885231,1.69006481032976e-06,0.000172871174690164
"Prss57",27.2687437505175,8.4543425577833,2.05689626061224,4.11024256287328,3.95243709213914e-05,0.00263983092907394
"Misp",40.6221877489235,-7.64397403299916,1.95580552528895,-3.90835077115852,9.29283190491413e-05,0.00543705009092716
"Csnk1g2",324.29393124224,0.783750729241893,0.239543083172773,3.27185706579807,0.00106843577196019,0.0298814723450511
"Diras1",20.6124163436525,8.04472013334314,2.40953295523152,3.33870516934688,0.000841698473678372,0.0251769398251402
"Nuak1",24.0731939585777,3.42008683996738,1.12373730324006,3.04349319908334,0.0023384872679797,0.0484490839500554
"Dram1",13.3119622804115,4.4426542989198,1.45832510071422,3.04640871692052,0.00231592788361669,0.0481864539881385
"Gm34574",17.6018776256424,5.22706127506765,1.5542062460878,3.36317093579121,0.000770526368997828,0.0238276727258588
"Gm35035",26.7737807693536,5.85913203751265,1.3061815240802,4.48569508104059,7.267661530465e-06,0.000636551408419829
"Gm4781",13.0153713968813,7.38338529775932,2.40597074126163,3.06877601258263,0.00214937676253106,0.045785857492559
"A130012E19Rik",13.3443368327212,6.22086584084469,2.01683736489134,3.08446578248507,0.00203918065398372,0.0441229222275441
"Ifng",48.6019932750406,-25.0098236457625,3.00370069409428,-8.32633680677156,8.33823546700682e-17,1.74233385965584e-13
"Gm10744",27.3642510250109,-24.2543813779069,3.00410932016785,-8.07373460582045,6.81799853021811e-16,3.91685024464768e-13
"Gm33677",15.0657112384891,-23.4417312976735,3.00487313013276,-7.80123828277497,6.13026341169293e-15,1.08492370098209e-12
"Ppm1h",34.5143691530646,4.54275646746224,1.05589741883847,4.30227064335421,1.69056632673047e-05,0.00132945772371433
"Avil",36.8100659457351,3.38176648822819,1.05110312556174,3.21734985463094,0.00129380725992227,0.0334667704189069
"Myo1a",25.1715714159945,6.5387155043916,2.13435351975106,3.06355786137727,0.00218721903432739,0.0465006581614923
"Coq10a",169.565621819203,-0.922000718717683,0.263549858969124,-3.49839200189327,0.000468072613542261,0.0173271477787878
"Gm47540",26.1659353103562,-7.91890214941312,2.10182785179904,-3.76762642222815,0.000164807084340852,0.00843067508242113
"Olfr819",18.2301556960846,7.86709528468293,2.4279038421248,3.24028289266925,0.00119411166974347,0.0321609341892508
"Gm12735",12.6826271517801,6.57085275997122,1.65205074953055,3.97739159153458,6.96753709210731e-05,0.00419399856157422
"Nefh",13.9426902786224,-5.90595387697797,1.93611273706522,-3.05041837900942,0.00228522784622475,0.0477514681524706
"Emid1",40.5118573522611,5.5667017724293,1.77193880056849,3.14158805633883,0.00168034271708888,0.0392129437693766
"Pgam2",37.7019218980836,-8.55805683785993,2.41658302957771,-3.54138746035779,0.000398028613859377,0.0157350392835705
"Npc1l1",35.5705937960103,8.83994467579211,1.93774948555548,4.56196466142166,5.06771780725666e-06,0.000460406884265486
"Rel",34.326973551287,-4.89136141348859,1.22099501225232,-4.00604536824905,6.17437946957194e-05,0.00384309142559272
"5730522E02Rik",23.0538009658368,6.37535134734359,1.69456985287206,3.76222398654045,0.000168409119312895,0.00852359926709241
"Asb3",39.6321051807183,3.08913502389963,0.608395110561217,5.07751454650916,3.82404237965556e-07,4.46260716618819e-05
"Ranbp17",24.7890076026619,8.31175491804405,2.40523483124882,3.45569372689007,0.000548878605115037,0.019115350850042
"Hspd1-ps3",35.6102252048133,-3.88810431525536,1.27401471449888,-3.05185196921742,0.00227434232426878,0.0475919959614871
"4933415A04Rik",9.41802634552481,6.91092487906191,2.20619134995339,3.13251381354926,0.00173316271737588,0.0396873794494718
"Ebf1",32.0880419487755,3.03000886225702,0.973314872560254,3.11308184810404,0.00185144664299571,0.0412821799498449
"Gm12185",21.6658743186991,5.8375460484904,1.51505027685252,3.8530378415017,0.000116661352247637,0.00656309845894687
"Gm26542",22.1375073713567,8.46000568405555,2.63870786987037,3.20611681977178,0.00134539357182362,0.0343439297994137
"Myh2",158.81232995703,-10.5271065367081,2.04461971082691,-5.14868681005259,2.6231645096315e-07,3.11943311238862e-05
"Myh1",237.786382355691,-11.1104651442986,2.02507078274729,-5.48645767790184,4.10073611683417e-08,5.12662112657551e-06
"Shbg",25.3963906220109,8.34696295162243,2.39713383652187,3.48205962656364,0.000497572884161342,0.0179873072880226
"Sat2",58.1459091489279,2.22975395937177,0.710881030044099,3.13660635906046,0.00170915431738151,0.0396193347073523
"Tnk1",18.1685348370231,6.66869990001616,2.09202401686925,3.18767846173964,0.00143419923626386,0.0356756906220775
"Gm12313",22.0844196940659,8.14476678079626,2.40792883397701,3.38247819697565,0.000718349798519433,0.0226939578897273
"Slc13a5",15.7781804711511,4.80150699442699,1.48271435881452,3.23832231466751,0.0012023488995289,0.0322101783029472
"Olfr398",19.1356695765976,7.93557160288508,2.52448592877016,3.1434406159479,0.00166974291559037,0.039113640473981
"Scarf1",179.129914315953,-1.00113753533797,0.300539643813639,-3.33113303334704,0.000864932563642827,0.0256512832556118
"Gm12344",24.024625232065,-7.7897021321865,2.20197129376776,-3.53760385261775,0.000403775361313046,0.0159191973313367
"Coro6",19.6538974349733,-6.81492236137998,1.67787393532329,-4.06164147252629,4.87288739707527e-05,0.00309894451987043
"Cryba1",15.6911032386534,7.66366157628982,1.75904687265774,4.35671254439673,1.32030480465733e-05,0.00107888817752641
"Rab11fip4",40.812479494247,3.62506201040403,1.17573631131483,3.08322705994349,0.00204768851648245,0.0442415656286392
"Tex14",9.03227614964951,6.86773129033196,1.72475690313026,3.98185464738116,6.83795947791909e-05,0.00413856134053452
"Ppp1r9b",109.138681106492,1.65607118684157,0.524127064895396,3.15967500585395,0.00157945212022782,0.0376264595481634
"Gm27605",15.5239559651512,-23.4800688362591,3.00482295537011,-7.81412721647922,5.53451754987455e-15,1.08492370098209e-12
"Hoxb4",130.964794781077,2.36653309977849,0.642382454554761,3.68399398675785,0.000229607659368586,0.0106957682598226
"Gm11574",17.8417921632222,7.07190058904532,2.0387225965439,3.46879001637291,0.000522807907209322,0.0185302513827848
"Plxdc1",42.4837465071738,3.32552141256152,0.913304731353619,3.64119586639251,0.000271374574638713,0.012136568678186
"Tcap",131.730169225789,-9.5599696649713,1.7079068515537,-5.59747720215216,2.17493441931032e-08,2.76632745663061e-06
"Ikzf3",16.3925959407854,-6.31875893686446,1.84307674771429,-3.42837537541545,0.000607205246995226,0.0202776053602721
"Lrrc3c",22.807623207708,8.19131560540982,2.39889178686687,3.41462489064931,0.000638699049226858,0.0208067950847244
"Nr1d1",187.323800243233,0.953853990527003,0.254105482768656,3.75377178065621,0.00017419347165304,0.00872578051325007
"Krt12",13.2555603789652,-6.92866956826449,2.22022142000998,-3.12071107224672,0.00180414952112248,0.0405365515291221
"Acly",796.318671956845,-2.08451895742118,0.537323506198416,-3.87944866244403,0.000104693493426882,0.00598184268888672
"G6pc",252.06552227157,-1.53093131783613,0.460023190476653,-3.32794378529016,0.000874895186353983,0.0258005884895156
"Higd1b",26.8439915282947,-7.73054645853586,1.98915104930903,-3.88635466432839,0.00010176080337616,0.00583707949405134
"Efcab15",20.0768417289357,7.55133453385565,2.28453853196323,3.30540913545737,0.000948378492450846,0.0274148857886927
"Gm11682",23.7671589684981,-7.77379791992449,2.20864250376182,-3.51971761237229,0.000432006483671068,0.0166288390438334
"Cd300e",44.3055028575899,-6.26874548607301,1.94783456095211,-3.21831515455236,0.00128946052552812,0.0334667704189069
"C1qtnf1",40.101313157741,3.70421744285039,1.16218287225565,3.18729309412465,0.0014361116642556,0.0356756906220775
"Slc16a3",24.4823233623748,4.58981648864118,1.44056554915829,3.18612123642896,0.00144194158517177,0.0356756906220775
"Gm31938",21.9939318561925,8.13826468414541,2.41958041718936,3.363502459488,0.000769601505281184,0.0238276727258588
"Gm4755",20.2043698209536,8.0148805705516,2.45711702952161,3.26190428630583,0.00110666502582642,0.0305418666655907
"Fam49a",30.9573312261025,-3.41260491673712,1.010178617793,-3.37821931352383,0.000729568699889948,0.0229000029469748
"Gm5432",18.8104155611036,-7.44187738675694,2.10860783709267,-3.52928470427091,0.000416684593111116,0.0162416101716619
"Gm48557",17.8786429614348,6.23312866331493,1.83780457063093,3.3916166946821,0.000694815681122068,0.0221417624570207
"Pdia6",377.87785232097,-1.21187540575183,0.378463516511154,-3.20209307603397,0.00136432907559198,0.0344993165125065
"Gm17746",29.2700674503465,-8.11838417595768,1.59099915848319,-5.10269545566415,3.34849621588819e-07,3.94987533466101e-05
"Hdac9",30.1168102829515,-4.44750734332544,1.08851585647076,-4.08584525148339,4.39166427655748e-05,0.00285497214992028
"Gm7370",28.7347028402011,8.52748391650258,2.35512331801263,3.62082267679235,0.000293667742742428,0.0128993335528333
"Scfd1",72.981466580182,-1.07098105046528,0.332096961249023,-3.2249046978247,0.00126014610167709,0.0332110937463618
"Gm35135",15.3731747331522,-23.4353164715155,3.00483920865409,-7.79919151880758,6.23050460672014e-15,1.08492370098209e-12
"Npas3",23.5338537236581,-8.95613256132227,2.5215216286868,-3.5518761605811,0.000382494835385285,0.0153741341257081
"Srp54a",18.2450045986992,5.22039808254687,1.57899848930178,3.30614507734919,0.000945890990692141,0.0274148857886927
"Gm2568",39.3108984762207,-6.17784393726846,1.3222546627606,-4.67220431226943,2.97984321215926e-06,0.000284876906302311
"Sec23a",254.766985804146,1.06395547141229,0.341196013137303,3.11831155830106,0.00181890414906153,0.0406805978414724
"Lrfn5",19.3702001637718,-23.7844263609647,3.00449540970543,-7.91627981328707,2.44722532343542e-15,6.88376246267114e-13
"Lrr1",21.1492872930202,8.08177004147861,2.42768040250841,3.32900905453951,0.000871555708888054,0.025754031017991
"5830428M24Rik",14.3644341616606,7.53817376973437,1.73953192455167,4.33344951210204,1.46790956539066e-05,0.00117328487502564
"4930512B01Rik",32.7452836838045,-24.4998645271644,3.00395561297616,-8.15586769036553,3.46681813287173e-16,3.62208205925106e-13
"Gm6316",66.6469119339245,5.53433180766637,1.57622803498535,3.51112382525147,0.000446216498373776,0.0169088308852674
"Nin",73.3422197392251,4.25554727174073,1.26896785649084,3.35355009189032,0.000797819713494384,0.0243626491634287
"Six4",51.3406045832226,5.61018413225722,1.63374532575702,3.43394043356032,0.000594874905933784,0.0200952315221558
"AI463170",9.78902211893607,-4.6054148174851,1.47663916177073,-3.1188491655351,0.00181558879222492,0.0406780713704308
"Rad51b",56.6940289273017,2.99607201770683,0.741190681850238,4.04224188332714,5.29425772219595e-05,0.00333789257338621
"Cox16",38.6419819855207,-4.31685845230697,1.35287136463314,-3.19088611464371,0.00141837177337782,0.0355248697417763
"Synj2bp",253.607638752764,1.07861201173681,0.31122314302023,3.46571916622119,0.000528815327992785,0.0185937062561309
"Gm29361",36.0114337755595,-6.32983298632263,1.93123610558938,-3.27760700413732,0.00104691041782705,0.0294483820799159
"Acot1",130.917240943613,2.08522910206806,0.646880009744058,3.22351760861044,0.00126626513028847,0.033312338238722
"Gm38355",24.2904590827612,-23.5263178981344,3.00422743010537,-7.83107086446822,4.83731909657163e-15,9.96555865148638e-13
"Ism2",13.2833535407718,-6.23587356897943,1.85050322395908,-3.36982583344979,0.000752157076559312,0.0234673740949209
"Ttc8",31.2165190196459,3.56854097978389,1.16250101091617,3.06971000134574,0.00214266711082636,0.045785857492559
"4930477G07Rik",14.0624718502562,7.49509853133638,2.09970796942463,3.56959093382411,0.000357539095105316,0.0147732326104674
"Lgmn",179.478708356226,0.92331874487013,0.270367970841211,3.41504484424452,0.000637715114425287,0.0208067950847244
"Bcl11b",12.4336299995906,-5.53216849526191,1.53703934087517,-3.5992367587104,0.000319152522277239,0.0136100406511638
"Mok",17.0104440885829,-6.73076822129156,1.92804399748635,-3.49098269026364,0.000481247431651834,0.0177054187335656
"Eif5",738.319158373979,0.705798554457304,0.173042316161843,4.07876275648776,4.52760108162197e-05,0.00292281895652411
"Cdca4",34.8857301250533,-4.8172971129879,1.38666789721664,-3.47400925820618,0.000512743341628909,0.0183821001421717
"Gm26583",18.5490061003834,7.8910543009012,2.47174758463977,3.19250005540159,0.0014104691765886,0.03538753455568
"Brf1",113.474241403545,-1.06565428717338,0.32652526232228,-3.26361972606451,0.00109998697186929,0.0304149516777543
"Gm9256",16.7842086482968,-7.27313437147769,2.1668193801361,-3.3565946650435,0.000789087025138054,0.0242478485644839
"Gm40655",12.7684066058524,7.36098641163128,1.77163514828372,4.15491102598765,3.2541414648656e-05,0.00229943609693667
"A530058O07Rik",18.4446993844242,7.88385938708451,2.43365939841135,3.23950812189699,0.00119736056378559,0.0321609341892508
"4930470G03Rik",17.5161461476055,-23.6464355733695,3.00463516253881,-7.86998563692143,3.54681969638304e-15,8.79310706762623e-13
"Gm47259",14.7963241543663,-7.0886175603133,2.20367965369023,-3.21671870430117,0.00129665663044195,0.0334667704189069
"Irf4",144.454370946994,-11.425538872285,1.9890928820438,-5.74409519808103,9.24137885776899e-09,1.18573375923322e-06
"Gm47792",15.6806382278152,-22.8691503997974,3.00480663361391,-7.61085593461051,2.72286607557789e-14,4.37663319642613e-12
"Mylip",70.7119781522569,2.54102522178234,0.69882271339231,3.63615144883798,0.000276741665955537,0.0122428576066932
"Atxn1",77.3243329437423,3.18661348802095,0.909202241125102,3.504845615072,0.000456872135209531,0.0171350480043841
"Dek",51.0946638708411,-3.52892653439379,1.02958716222293,-3.4275160606846,0.000609130270739224,0.0202955546016005
"Gm47816",35.8828000051279,8.08587275991827,2.21610181747422,3.64869190402726,0.000263578976037863,0.0118992891435365
"1700066J03Rik",15.5583513920315,-7.16277995977803,2.17737366585416,-3.2896420454172,0.00100314909210416,0.0286024595910477
"Platr25",44.4859126600256,4.42673208736806,1.17085134748331,3.78078062333287,0.000156337389489559,0.00810903190093537
"Cdk20",135.955732261252,3.59700827501053,0.899345367174325,3.99958503851758,6.34536446703512e-05,0.00389973302770263
"Gm6888",20.5571025899299,8.04374002046904,2.36985080202785,3.39419680495756,0.00068830209038941,0.0220211557067218
"Zdhhc11",14.797014215537,7.56672795294142,2.42005659340638,3.1266739685169,0.00176795869249265,0.0400929175117673
"Slc9a3",73.072471246815,24.6014992067701,2.43243295868568,10.1139474857564,4.79139113791772e-24,3.34300135911593e-20
"Gm18518",22.0494998402995,22.9261177786774,3.03368249441721,7.55719091265077,4.11867236435224e-14,6.21070316220415e-12
"Ckmt2",70.6157873782783,-25.5226651598208,2.91317718232089,-8.76110979953758,1.93337365898355e-18,5.65589130199049e-15
"Rasgrf2",60.5092707068967,3.87194631672834,1.03745696452477,3.73215125940377,0.000189851436905515,0.00934952881665261
"Thbs4",8.16222302493781,-6.25577092009374,1.99163400218304,-3.14102436152263,0.0016835802753243,0.0392129437693766
"Bdp1",143.611896043084,3.47642429145964,0.997303040985917,3.48582541974694,0.000490621079654901,0.0179228767854404
"Erbin",400.906093909158,0.906553066874788,0.194117902898765,4.67011570461673,3.01030133523942e-06,0.000285919984613942
"Sgtb",22.7488910428756,-5.26707374041591,1.18689309530656,-4.43769852671988,9.09258468411016e-06,0.000768770151297568
"Gm10736",44.9370533062132,4.00963292001195,0.970394714150955,4.13196080063171,3.59681769975359e-05,0.00249339585281022
"Fst",39.5486705207335,-4.50631960740591,1.28832737408768,-3.49780630144341,0.000469101696889313,0.0173271477787878
"Gm48163",14.0452606922717,5.39180954581212,1.43406546917638,3.75980710902186,0.000170044416536328,0.00854721539751501
"Myoz1",14.2582186719641,-23.3582480302949,3.00496200735335,-7.77322574233408,7.6512208315239e-15,1.27175462616705e-12
"Zmiz1",148.253087089056,1.07835078348359,0.351367661882605,3.06900975948059,0.00214769575087087,0.045785857492559
"Duxbl1",31.8597407236772,6.77006572931235,1.4358879628245,4.71489831002908,2.41831495405269e-06,0.00023740062303979
"Gm18813",25.7009168622971,6.10123514150481,1.59299210817607,3.83004731171616,0.000128118623655197,0.0068145131207439
"Peli2",111.469673947355,2.65899246161284,0.773909933511627,3.43579058295275,0.00059082747911804,0.0200511218957299
"Klhl33",10.7342301113375,-5.52049900403771,1.66403055529779,-3.31754665589646,0.000908117475092574,0.0265660686163582
"Gm7247",29.9630634105152,8.59155504801994,1.94589628380882,4.41521735742419,1.00908547009738e-05,0.000848269722477836
"Olfr1507",19.3457818702384,7.95430739886897,2.43208392609814,3.27057274361017,0.00107329933942859,0.0299043314846298
"Gzmb",71.803400714715,-8.35659213220314,2.03701860404225,-4.10236416870241,4.08949939192013e-05,0.00269489334357534
"Gm4032",62.9142365875078,5.04985303341067,1.57684995561043,3.20249432448744,0.00136242984840783,0.0344993165125065
"Zmym2",130.195109084812,1.35301999271755,0.424366263179711,3.18833071832709,0.00143096769175104,0.0356756906220775
"Xkr6",39.1705986588699,2.96078739498945,0.785636683400311,3.76864708273916,0.000164134758931752,0.00843067508242113
"Stc1",22.9059943913152,8.20428272298194,1.89932452336109,4.31957920938305,1.5632699220875e-05,0.00123599725137156
"Egr3",18.3658144350713,-7.81055040479511,2.57345397770012,-3.03504569052964,0.00240499249798006,0.0495462327717666
"Slc25a30",70.4373604718229,2.28286264039817,0.644085793533817,3.54434558767878,0.000393588975418028,0.0156940511221808
"Gm10110",31.1823328569714,-4.95142025902719,1.09866455558587,-4.50676253625638,6.58242283889275e-06,0.000583521811299905
"Gm18074",29.6758475903397,8.5708759447954,2.45593133364923,3.48986790769108,0.00048325935168247,0.0177158760327305
"Gm4412",27.9676600168825,8.48551206824233,2.42518624442996,3.49891151153088,0.000467161591258765,0.0173271477787878
"Gpc5",23.0597620997283,-24.023474365092,3.00428392320683,-7.99640612510713,1.28103357309618e-15,4.68441951841944e-13
"Cdh6",15.9537843465505,5.588057980861,1.52403470326849,3.66662121858295,0.000245776438329433,0.0113406055629168
"Gm9630",15.3731747331522,-23.4353164715155,3.00483920865409,-7.79919151880758,6.23050460672014e-15,1.08492370098209e-12
"Gm48960",9.95773764599422,6.23077526760888,1.82094148220813,3.42173283902195,0.000622234217624307,0.0205914477402505
"Abra",7.45317543168589,-6.12398596667952,2.00961086907581,-3.0473491465021,0.00230869375355272,0.0481043640074296
"Gm49210",23.6746890890544,-24.0575685303374,3.00425510412305,-8.00783145789473,1.16748753785845e-15,4.61536222060959e-13
"4930402D18Rik",18.9085834195868,-23.7512531732235,3.00452768426157,-7.9051537110602,2.6760318298355e-15,7.38534293867997e-13
"Ly6c1",28.4048513651826,-7.33938359044998,1.71785585545452,-4.2724094499233,1.93372086495388e-05,0.00145796572637528
"Gm49413",24.6403491355061,8.32020975706171,1.41911623824967,5.86295155590906,4.54710918026425e-09,5.99194288105632e-07
"Cpsf1",115.703582719855,-1.77953385235167,0.464191075156902,-3.83362358216423,0.000126269317985569,0.00679022541976072
"Pvalb",70.1528761678055,-9.3511750720578,2.00990552768429,-4.65254458145191,3.27863824399344e-06,0.000307414369198026
"Fam227a",14.1497751197365,4.35037214326585,1.36587178386237,3.18505162392621,0.00144728187724196,0.0356988061018856
"Grap2",33.6776460688699,-5.7474763831718,1.37493636714277,-4.18017627616872,2.91283209347935e-05,0.00210920767481795
"A430088P11Rik",16.7394466865165,7.75278733916435,1.82393918134241,4.25057338450196,2.1322395921335e-05,0.00159123818949677
"Arfgap3",65.7023589395266,3.44850907660472,0.865290727058451,3.98537620798029,6.73732951040303e-05,0.00410612161452772
"Bik",64.6565392363467,3.12309159676558,0.702316005047346,4.44684668200754,8.71399846640664e-06,0.000741044509117035
"Slc2a13",21.6255313472372,6.90625550024585,1.77296078801549,3.89532331844529,9.80678263851988e-05,0.005688666897308
"Ano6",57.3156395808792,-2.88525817725239,0.86314572850521,-3.34272427235325,0.000829602869607137,0.0250197962345229
"Gm49173",15.3966264786517,7.6225642547309,2.43290743039264,3.13310903633548,0.00172965175271657,0.0396873794494718
"Olfr281",15.206559757776,7.60706654688802,2.40388165259262,3.1644929519237,0.00155353424754441,0.0373742523665001
"Gm25057",14.550987953093,6.77872660780238,2.03360959624567,3.33334707916252,0.000858078267557741,0.0256145118766675
"Gm49474",22.6174364650854,5.86142814767665,1.81423893806039,3.2307917246794,0.00123447857647563,0.0328303966147438
"Scn8a",53.2093003103008,3.9524823191961,1.08708140431393,3.63586600185713,0.000277048326233365,0.0122428576066932
"Gm9918",16.3457966730003,7.71109795484541,2.39730040226792,3.21657558958839,0.00129730353644084,0.0334667704189069
"Nlrc3",20.6052188668752,-5.82016683185962,1.29997466192314,-4.47713867226416,7.56501137490659e-06,0.000654753972667211
"Fgd4",63.0760961547208,2.47188148538433,0.670797111262001,3.68499124978918,0.000228710497699991,0.010688014216798
"Lrrc74b",20.138437398239,-23.8332988098063,3.00444501693533,-7.9326793053172,2.14467741062883e-15,6.4020809153608e-13
"Gm49588",15.3731747331522,-23.4353164715155,3.00483920865409,-7.79919151880758,6.23050460672014e-15,1.08492370098209e-12
"Igf2bp2",15.9797573571818,4.49167682433246,1.41167471512775,3.18180723660974,0.00146359195179407,0.0359193950988119
"Gm49756",7.54100822566527,6.58935216104903,1.92710468109557,3.41930162159274,0.000627820922421935,0.020636262094979
"Gm49702",25.5000379900316,8.36248148776262,1.77554310742139,4.70981608546098,2.4794042047403e-06,0.000241774968684909
"Csta1",20.6675492683808,-7.5656370076352,2.34914207898209,-3.22059575507389,0.0012792444957048,0.0334667704189069
"Maats1",13.6195181592657,7.45215652150509,2.07470616062175,3.59190938116837,0.000328264004868647,0.0138372265107023
"Tmprss7",22.4772949393084,22.9595778887515,2.55667816529922,8.98023779464024,2.70182188441638e-19,9.87988717583962e-16
"Myh15",24.9045430677066,-24.1142991484779,3.00420164820156,-8.02685770541195,1.00000959105586e-15,4.31038818724234e-13
"Gm37694",31.0322880704847,8.63747689524839,2.36673175442331,3.64953775564357,0.000262712626264276,0.0118968965460296
"Gm49572",21.1016361453263,8.07801625530123,2.46165890272351,3.28153354080208,0.00103244244568107,0.0292665419631337
"Krtap13-1",28.286641509,-24.2995543203508,3.00407881867567,-8.08885378415707,6.02288202936972e-16,3.83029110624308e-13
"Pde10a",23.8026328354638,3.68821120223208,0.998586848702643,3.69343057844571,0.00022124893010092,0.0104731653740652
"Pnldc1",42.5163734413316,3.68628789639991,0.990048557993438,3.72334050349109,0.000196604081355937,0.00958575965997762
"Tcp10b",19.3057848974953,5.37281171409203,1.599440696745,3.35918157204964,0.000781736855160781,0.024072557853551
"Smok4a",20.3209832096484,8.02601693724501,2.3822233036078,3.36912871479758,0.000754062064990281,0.0234673740949209
"Wdr27",17.9831979782779,4.93388856408227,1.43665480558165,3.43428953490654,0.000594109234309399,0.0200952315221558
"Vmn2r102",30.4328794418842,8.60839821099105,2.38612400242732,3.60769105135945,0.000308934041933137,0.0133297292960354
"Zfp229",53.4538597832172,-2.95499237181477,0.909724852066576,-3.24822649958618,0.00116126789744903,0.0317492813756765
"Zfp13",40.448564962779,3.15124826681165,0.865567599023038,3.64067262957676,0.000271926712150733,0.012136568678186
"Zscan10",73.3507995549553,8.49486317397185,1.57651963855206,5.38836495673083,7.1101557673986e-08,8.73951667308734e-06
"Dnase1l2",23.3364353253713,-5.28399306384316,1.22241085558717,-4.32259991777073,1.54201210496826e-05,0.00122581581844406
"Msln",11.8777214007093,-4.80759435625251,1.40155659241662,-3.43018211484637,0.000603176268634503,0.0202245625815286
"4930526A20Rik",21.6076855591092,6.44391375102064,1.88375852269348,3.42077483572941,0.00062443007233747,0.0206174687767047
"Lhfpl5",21.0581710572106,8.07465497707602,2.46529855591977,3.27532539930584,0.00105540331104072,0.0295905372457312
"Mapk13",36.5015348795433,5.12408331540659,1.09846810534125,4.66475384263865,3.08986692572908e-06,0.000291583764662188
"1810014P07Rik",20.8285700525882,8.0610882827939,2.38550451414451,3.37919640688031,0.000726980512293385,0.0228678364587427
"Gm6402",27.0814518284569,6.02619440293095,1.48087568853869,4.06934521889378,4.71454477328309e-05,0.00302454589468473
"Dnah8",79.1635458341434,6.26680879988757,1.49193142940876,4.20046704316099,2.66364940854393e-05,0.00195784924114432
"Brd2",202.132914962485,-0.998113829921315,0.284028714071911,-3.51413001739187,0.000441196806962732,0.0168837998993083
"Slc44a4",11.7754833727307,5.13811634266874,1.478481161029,3.47526669808405,0.000510345694419088,0.0183410969834595
"Ltb",19.6382630879428,-5.64361980967266,1.31915921354164,-4.27819458920415,1.8841527906219e-05,0.00143539077439722
"Tnf",16.1815590762851,-5.96991286317934,1.92502429209148,-3.10121430036252,0.00192728754325641,0.0425837385124041
"Lta",99.3379745771523,-26.0130765358065,2.12184591003001,-12.2596444976716,1.49152794664449e-34,2.1816579275569e-30
"Gm11131",36.1573106238235,5.43773999005825,1.50291516201383,3.61812837310921,0.000296741208530105,0.0129565183796115
"Ier3",32.5248241586981,4.93437492175476,1.60382827539605,3.07662297607034,0.00209359923071434,0.0451002591276268
"Gm10499",54.9789271477601,8.08487874117355,1.66484630030699,4.85623131677846,1.1964093172587e-06,0.000126810717996688
"Gm20546",37.3563930993695,-24.6706021042144,3.00385914546477,-8.21296902068862,2.15785235047165e-16,3.15629063303488e-13
"Gm20452",21.2759030453871,8.09420836460205,2.09605952439271,3.86163096534541,0.000112632608474845,0.00638557040372697
"Olfr102",15.0682402516313,-23.4419422517442,3.00487284606375,-7.8013092242662,6.12681763560963e-15,1.08492370098209e-12
"Clic5",12.3654197651266,-6.14249463932796,1.60221158734419,-3.83375996519267,0.000126199294202539,0.00679022541976072
"Hsp90ab1",1757.27770258752,-0.752862366772193,0.238364164526232,-3.15845449448565,0.00158608069199382,0.0377229305395018
"Klhdc3",200.482716367549,0.972715039230937,0.27689816198834,3.51289814365723,0.000443247361819539,0.0168837998993083
"Gnmt",1631.73693902147,-0.742922610243627,0.193609246908698,-3.83722689957042,0.000124431492856663,0.0067409609111645
"Apobec2",15.653034344897,-7.19549069055209,1.94390158037977,-3.70157150093284,0.000214268256269075,0.0102757435555664
"Mrps36-ps1",14.8023294430061,6.80119445274751,2.17746591496579,3.12344473729884,0.00178747428674948,0.0403092980987912
"Gm4471",31.6687399502935,-24.4517253003521,3.00398218622859,-8.13977040624547,3.9602816563025e-16,3.71818530212671e-13
"Uhrf1",59.9036029730967,5.60328430728146,1.67048566926044,3.35428457148162,0.000795704849821366,0.0243489013354333
"Acsbg3",35.214581110223,4.46556499407609,1.29844299459313,3.4391690760944,0.000583502684798387,0.0199684482773644
"Tnfsf14",16.4882133551111,-6.15289669304162,1.95473836520294,-3.14768298539167,0.00164570065788707,0.0387966957027044
"Dlgap1",73.6231380284989,4.13251070843591,0.96530849088187,4.28102595954646,1.86033652777761e-05,0.0014246671409321
"Ndc80",37.9751322590201,6.85575022993664,1.5569689849891,4.40326705029685,1.06632772890921e-05,0.000881196366709321
"Mettl4-ps1",13.8214171598453,7.46653921890964,2.44347197073475,3.05570896999668,0.00224529078729011,0.0472544868283345
"Gm9351",22.0494998402995,22.9261177786774,3.03368249441721,7.55719091265077,4.11867236435224e-14,6.21070316220415e-12
"Gm4708",14.5414377577005,5.77879639303334,1.83852565273365,3.14316875831513,0.00167129454407863,0.039113640473981
"Gm30117",29.5656061453802,-5.83451163069212,1.84465131916908,-3.16293468042527,0.00156187371596365,0.0375131803668314
"Rpl36-ps4",16.7571819613263,-23.5818763662297,3.00470155140243,-7.84832568653047,4.2162812175946e-15,9.28124055298825e-13
"Mkx",14.4643053115136,-5.49424592818087,1.5558752886367,-3.53128940880286,0.000413539010322635,0.0161733558930192
"Cables1",18.0930197559863,4.31344454497852,1.4084810784716,3.06247958237339,0.00219511450089337,0.0465332460935758
"Lama3",15.9559072232204,3.56745694709207,1.17304529522743,3.04119283509883,0.00235642860882474,0.048751741529391
"AW554918",29.2017686746491,-4.29708241809655,1.36216684420528,-3.15459331312939,0.00160721972219558,0.0381017874822605
"Gm3227",33.1543612499969,8.73199073134655,2.39896029563537,3.63990631576246,0.000272737253428621,0.012136568678186
"Gm6643",23.0333961825789,8.20542737305558,2.40227007463315,3.41569728553882,0.000636189266540167,0.0208067950847244
"Nrep",118.554510716045,-1.44617531919371,0.429015792437241,-3.37091394929306,0.00074919255560835,0.0234656092310136
"Gm3550",34.0292259027635,-9.02328784610864,2.51565157272545,-3.58685914374575,0.000334684993638893,0.0140673488561957
"Gm36037",15.4679276816151,7.62902677373463,2.43410725333838,3.13421964593853,0.00172311822300718,0.0396873794494718
"Jakmip2",17.2179557011305,-21.734081767948,3.00466129490026,-7.23345483393978,4.70859094925227e-13,6.62236152064548e-11
"Myot",23.1385408806031,-7.75285306308697,2.01748987065252,-3.84282130773696,0.000121628025899005,0.00664661881918343
"Prdm6",17.8710637680979,7.38407413095638,2.20269034390054,3.35229786220454,0.000801437421611598,0.0243713620912949
"B430212C06Rik",18.834084041601,7.15026506952299,2.04837790147566,3.49069625500837,0.000481763632731189,0.0177054187335656
"Gm41764",32.5722557661157,7.94371002358637,2.06695563811053,3.84319328248765,0.000121443749380392,0.00664661881918343
"Gm21046",30.4388859716413,-24.3994067066764,3.00401483984256,-8.1222657035726,4.57560234075892e-16,3.71818530212671e-13
"Dcc",18.4478096797826,-23.4112405329696,3.00456120400204,-7.79190002912441,6.60089529354541e-15,1.13589759363163e-12
"Gm20544",22.2782130428992,-7.72110765664644,1.60447108017846,-4.81224482761487,1.4924436462582e-06,0.000155928380098705
"Dipk1c",56.310357221134,4.53282209873535,1.3662083392607,3.31781176302014,0.000907256039516709,0.0265660686163582
"Kdm2a",157.397511278617,-1.61808684750319,0.455245841961878,-3.55431439094548,0.000378965899762629,0.0153164501132591
"Rhod",140.55357574798,1.39089203047346,0.375621129651858,3.7029121119001,0.000213138735847391,0.0102757435555664
"Syt12",21.1034401800195,-5.71584332256416,1.53185638576745,-3.7313180110553,0.000190480589824467,0.00934952881665261
"Peli3",13.751015173565,6.69335032411552,1.41365703777146,4.73477664332726,2.19296466467966e-06,0.000218207443199112
"Gm5510",13.9999400569794,-6.79921823487867,1.64501808017115,-4.13321793652947,3.5771923170761e-05,0.00249159962008915
"Pygm",56.2464871611097,-6.2005009539981,1.6824544243143,-3.68539014453552,0.000228352564505666,0.010688014216798
"Flrt1",43.7720946076896,9.15172167181221,1.49857904281591,6.10693290800041,1.01563906391136e-09,1.38838809232069e-07
"Slc22a27",358.158752252336,1.00060284613375,0.281523159980204,3.55424699766835,0.000379063030081343,0.0153164501132591
"Slc22a29",72.9835925731498,2.50342081820769,0.694605418789549,3.6040905390146,0.000313247855578687,0.0133972993671037
"Scgb1a1",42.6324276990314,-24.8402332269621,3.00377375881076,-8.2696751558269,1.34324498451756e-16,2.23829604089736e-13
"Cd5",81.4681239669892,-8.52790854671835,1.9949837467667,-4.27467570126305,1.91415704757425e-05,0.00145069301216936
"Cd6",31.2017166750731,-7.94782458837171,1.98550280977565,-4.00292789778009,6.25633735556311e-05,0.0038612424683469
"Ms4a7",36.1712898328007,6.02328415018865,1.49313162035087,4.03399410212294,5.48366947924934e-05,0.00344247353961288
"Gm4952",187.437705631424,0.886298313659599,0.254563785758167,3.48163550058755,0.000498361566246886,0.0179873072880226
"Psat1",38.2809050392766,-7.0418547370731,1.54675164673605,-4.55267317926105,5.29685261937735e-06,0.000478253476936003
"Rfk",286.476671039007,0.846709645678386,0.229552554198814,3.68852199721139,0.000225560527950643,0.0106091005183042
"2410080I02Rik",12.6544057696352,7.34360499643444,2.18828163514227,3.35587745128473,0.00079113616997588,0.0242598506461996
"Kcnv2",24.0118439734904,8.26591566398613,2.39842120127185,3.44639868076668,0.000568111552783308,0.0195523945472034
"Gm22082",21.5151961692334,22.9015131913203,3.033726512239,7.54897091050511,4.38710838015831e-14,6.41651078340767e-12
"Kif20b",49.9190598094625,-7.48199075039818,1.94420659174229,-3.84835170407134,0.000118915247921463,0.00658853534601227
"Pik3ap1",193.694515450387,0.620777458608562,0.190973046166159,3.25060248590497,0.00115160753135626,0.0316033083698836
"BC037704",28.7356130364234,-6.67389198494229,1.89689345046577,-3.51832728575428,0.000434276402428566,0.0166723384207943
"Gm50319",21.5224446264131,-23.9137122926183,3.0043632428509,-7.95966078653197,1.72511563436606e-15,5.60848007689062e-13
"Calhm2",16.9308204245461,4.39303480768976,1.44631118687209,3.03740636701462,0.00238623525800377,0.0492291440321877
"AA387883",41.9599154755078,-24.8313693132999,3.00378398693618,-8.26669608110787,1.37722460983635e-16,2.23829604089736e-13
"Gucy2g",20.5533432262818,-6.68461515560572,1.62094443942643,-4.12390146942425,3.7250829477836e-05,0.00254334112459505
"Fam204a",93.0180688479686,3.60093081855382,0.957349082747042,3.76135610661601,0.000168994630641235,0.00852373952548051
"Gm6787",15.828427156755,7.66130597919291,2.49318517738809,3.07289889602948,0.00211990297394448,0.045532776504972
"Gm4984",28.0072013773305,8.48857303413367,2.38714457335791,3.55595263431954,0.000376611931242145,0.0153019519952191
"Slc25a43",25.4169324234007,8.34742889352499,2.42787011691193,3.4381694619407,0.000585661059068116,0.0199684482773644
"Septin6",53.1037154405879,-4.27486104462095,1.108079572261,-3.85790077864016,0.000114365053946621,0.00645875538253755
"Gm7190",26.2728735882014,8.40649355157728,1.75256335361859,4.79668454451021,1.61313339918773e-06,0.000167342569006518
"Stag2",250.379432923941,1.06300793493007,0.334673014924222,3.17625828055112,0.00149188060511854,0.0363099071281089
"Sash3",21.6464740069741,-4.9343113176413,1.40018079102519,-3.52405300034752,0.000424999229615884,0.0164456712475966
"Gm8107",19.4265003312055,7.95883451935943,2.41883422716148,3.29035964101565,0.00100059406645867,0.0286024595910477
"Zfp185",34.5162065650647,-5.90878157453473,1.41812997353476,-4.16660086508628,3.09175128134974e-05,0.00221681598001484
"Xlr3c",26.1343970463587,-24.1132018430143,3.00415335301366,-8.02662148349544,1.00193613431489e-15,4.31038818724234e-13
"Plxnb3",47.9673947693143,3.76637514685558,0.981016417875159,3.83925801671433,0.000123406690612009,0.00671029614714446
"Gm15361",25.0813818724166,-4.63922228909539,1.20604887153342,-3.84662877151646,0.000119754203836485,0.00660998014911798
"Gm15385",23.7963301830712,8.2556547328142,2.3786178919685,3.47077803487889,0.00051895278168063,0.0185139569210795
"Tex11",18.1623895416253,7.86365290736335,2.38951328288808,3.29090152529261,0.000998668661299857,0.0286024595910477
"Nlgn3",23.9793589810927,8.26404675474329,2.3955032571056,3.44981653864602,0.000560967643205869,0.019397810206081
"Itgb1bp2",8.10797142361776,-6.24510241477187,2.01766031173541,-3.09521993293331,0.00196667007715972,0.0431717766980629
"Gm9109",15.9881017224783,-23.5226130770135,3.00477506994739,-7.8284106229041,4.9407599205176e-15,1.00372910218626e-12
"4930519F16Rik",32.8994369333264,-23.5728701527923,3.00395159151339,-7.84728696007922,4.25133736959194e-15,9.28124055298825e-13
"Itm2a",20.2261587371282,-6.15718515357074,1.15561303341174,-5.32806828544736,9.92628074366664e-08,1.20993090364677e-05
"Gm4992",43.2112033987402,8.67015125548975,1.71533863186734,5.05448375872659,4.31556479118553e-07,4.9315442344274e-05
"Tmem35a",17.1321236600076,6.2572689899679,2.02586090856733,3.08869624933579,0.00201036866874804,0.0437584263657405
"Frmpd3",66.0488706058016,8.52776945202444,1.44967197101679,5.88255110295269,4.03990542373422e-09,5.37197242117822e-07
"Tsc22d3",212.422971591993,-0.915912486852241,0.281305287040586,-3.25593769135272,0.00113018550736117,0.0310737282258869
"Fgd1",10.1940155304455,7.04190600174809,1.70975433385502,4.11866539087551,3.81073015921664e-05,0.00258053472402138
"Smpx",11.8021006088587,-6.78613568995681,1.99445235572429,-3.40250579086529,0.000667709402257845,0.0214650229161
"Erdr1",106.26605408911,2.6964894053375,0.644765321552679,4.18212536437909,2.88796644407302e-05,0.00210160622773413
